file,line,type,commit,author,date,time,timezone,datetime,depth,length
style.css,1,css,001b3fe2,Martin Hawks,2025-04-16,14:41:08,-07:00,2025-04-16T14:41:08-07:00,0,25
style.css,2,css,5186f716,Martin Hawks,2025-04-11,13:33:57,-07:00,2025-04-11T13:33:57-07:00,1,21
style.css,3,css,5186f716,Martin Hawks,2025-04-11,13:33:57,-07:00,2025-04-11T13:33:57-07:00,0,0
style.css,4,css,5186f716,Martin Hawks,2025-04-11,13:33:57,-07:00,2025-04-11T13:33:57-07:00,1,18
style.css,5,css,5186f716,Martin Hawks,2025-04-11,13:33:57,-07:00,2025-04-11T13:33:57-07:00,1,18
style.css,6,css,5186f716,Martin Hawks,2025-04-11,13:33:57,-07:00,2025-04-11T13:33:57-07:00,0,0
style.css,7,css,5186f716,Martin Hawks,2025-04-11,13:33:57,-07:00,2025-04-11T13:33:57-07:00,1,29
style.css,8,css,5186f716,Martin Hawks,2025-04-11,13:33:57,-07:00,2025-04-11T13:33:57-07:00,0,0
style.css,9,css,5186f716,Martin Hawks,2025-04-11,13:33:57,-07:00,2025-04-11T13:33:57-07:00,1,27
style.css,10,css,5186f716,Martin Hawks,2025-04-11,13:33:57,-07:00,2025-04-11T13:33:57-07:00,1,27
style.css,11,css,5186f716,Martin Hawks,2025-04-11,13:33:57,-07:00,2025-04-11T13:33:57-07:00,0,0
style.css,12,css,5186f716,Martin Hawks,2025-04-11,13:33:57,-07:00,2025-04-11T13:33:57-07:00,1,28
style.css,13,css,5186f716,Martin Hawks,2025-04-11,13:33:57,-07:00,2025-04-11T13:33:57-07:00,1,28
style.css,14,css,f80a843d,Martin Hawks,2025-04-08,19:38:39,-07:00,2025-04-08T19:38:39-07:00,0,0
style.css,15,css,f80a843d,Martin Hawks,2025-04-08,19:38:39,-07:00,2025-04-08T19:38:39-07:00,0,0
style.css,16,css,001b3fe2,Martin Hawks,2025-04-16,14:41:08,-07:00,2025-04-16T14:41:08-07:00,0,24
style.css,17,css,001b3fe2,Martin Hawks,2025-04-16,14:41:08,-07:00,2025-04-16T14:41:08-07:00,1,21
style.css,18,css,001b3fe2,Martin Hawks,2025-04-16,14:41:08,-07:00,2025-04-16T14:41:08-07:00,0,0
style.css,19,css,001b3fe2,Martin Hawks,2025-04-16,14:41:08,-07:00,2025-04-16T14:41:08-07:00,1,18
style.css,20,css,001b3fe2,Martin Hawks,2025-04-16,14:41:08,-07:00,2025-04-16T14:41:08-07:00,1,18
style.css,21,css,001b3fe2,Martin Hawks,2025-04-16,14:41:08,-07:00,2025-04-16T14:41:08-07:00,0,0
style.css,22,css,001b3fe2,Martin Hawks,2025-04-16,14:41:08,-07:00,2025-04-16T14:41:08-07:00,1,29
style.css,23,css,001b3fe2,Martin Hawks,2025-04-16,14:41:08,-07:00,2025-04-16T14:41:08-07:00,0,0
style.css,24,css,001b3fe2,Martin Hawks,2025-04-16,14:41:08,-07:00,2025-04-16T14:41:08-07:00,0,0
style.css,25,css,001b3fe2,Martin Hawks,2025-04-16,14:41:08,-07:00,2025-04-16T14:41:08-07:00,1,27
style.css,26,css,001b3fe2,Martin Hawks,2025-04-16,14:41:08,-07:00,2025-04-16T14:41:08-07:00,1,27
style.css,27,css,001b3fe2,Martin Hawks,2025-04-16,14:41:08,-07:00,2025-04-16T14:41:08-07:00,0,0
style.css,28,css,001b3fe2,Martin Hawks,2025-04-16,14:41:08,-07:00,2025-04-16T14:41:08-07:00,1,28
style.css,29,css,001b3fe2,Martin Hawks,2025-04-16,14:41:08,-07:00,2025-04-16T14:41:08-07:00,1,28
style.css,30,css,5d69d21c,Martin Hawks,2025-04-17,13:36:54,-07:00,2025-04-17T13:36:54-07:00,1,13
style.css,31,css,001b3fe2,Martin Hawks,2025-04-16,14:41:08,-07:00,2025-04-16T14:41:08-07:00,0,0
style.css,32,css,001b3fe2,Martin Hawks,2025-04-16,14:41:08,-07:00,2025-04-16T14:41:08-07:00,0,0
style.css,33,css,c4af276a,Martin Hawks,2025-04-02,19:41:41,-07:00,2025-04-02T19:41:41-07:00,0,4
style.css,34,css,c4af276a,Martin Hawks,2025-04-02,19:41:41,-07:00,2025-04-02T19:41:41-07:00,1,43
style.css,35,css,c4af276a,Martin Hawks,2025-04-02,19:41:41,-07:00,2025-04-02T19:41:41-07:00,0,42
style.css,36,css,c4af276a,Martin Hawks,2025-04-02,19:41:41,-07:00,2025-04-02T19:41:41-07:00,0,0
style.css,37,css,33ce5dcb,Martin Hawks,2025-04-11,11:27:55,-07:00,2025-04-11T11:27:55-07:00,1,38
style.css,38,css,c4af276a,Martin Hawks,2025-04-02,19:41:41,-07:00,2025-04-02T19:41:41-07:00,1,23
style.css,39,css,f80a843d,Martin Hawks,2025-04-08,19:38:39,-07:00,2025-04-08T19:38:39-07:00,1,14
style.css,40,css,7cd322f5,Martin Hawks,2025-04-08,17:45:17,-07:00,2025-04-08T17:45:17-07:00,1,16
style.css,41,css,7cd322f5,Martin Hawks,2025-04-08,17:45:17,-07:00,2025-04-08T17:45:17-07:00,1,17
style.css,42,css,f80a843d,Martin Hawks,2025-04-08,19:38:39,-07:00,2025-04-08T19:38:39-07:00,1,17
style.css,43,css,f80a843d,Martin Hawks,2025-04-08,19:38:39,-07:00,2025-04-08T19:38:39-07:00,1,18
style.css,44,css,5186f716,Martin Hawks,2025-04-11,13:33:57,-07:00,2025-04-11T13:33:57-07:00,1,35
style.css,45,css,5186f716,Martin Hawks,2025-04-11,13:33:57,-07:00,2025-04-11T13:33:57-07:00,0,0
style.css,46,css,ee98cd2f,Martin Hawks,2025-04-25,21:37:11,-07:00,2025-04-25T21:37:11-07:00,1,10
style.css,47,css,ee98cd2f,Martin Hawks,2025-04-25,21:37:11,-07:00,2025-04-25T21:37:11-07:00,2,12
style.css,48,css,ee98cd2f,Martin Hawks,2025-04-25,21:37:11,-07:00,2025-04-25T21:37:11-07:00,2,31
style.css,49,css,ee98cd2f,Martin Hawks,2025-04-25,21:37:11,-07:00,2025-04-25T21:37:11-07:00,2,14
style.css,50,css,ee98cd2f,Martin Hawks,2025-04-25,21:37:11,-07:00,2025-04-25T21:37:11-07:00,1,0
style.css,51,css,ee98cd2f,Martin Hawks,2025-04-25,21:37:11,-07:00,2025-04-25T21:37:11-07:00,0,0
style.css,52,css,5186f716,Martin Hawks,2025-04-11,13:33:57,-07:00,2025-04-11T13:33:57-07:00,1,2
style.css,53,css,5186f716,Martin Hawks,2025-04-11,13:33:57,-07:00,2025-04-11T13:33:57-07:00,2,30
style.css,54,css,5186f716,Martin Hawks,2025-04-11,13:33:57,-07:00,2025-04-11T13:33:57-07:00,1,0
style.css,55,css,f80a843d,Martin Hawks,2025-04-08,19:38:39,-07:00,2025-04-08T19:38:39-07:00,0,0
style.css,56,css,af64199c,Martin Hawks,2025-04-03,14:20:47,-07:00,2025-04-03T14:20:47-07:00,1,3
style.css,57,css,f80a843d,Martin Hawks,2025-04-08,19:38:39,-07:00,2025-04-08T19:38:39-07:00,2,14
style.css,58,css,af64199c,Martin Hawks,2025-04-03,14:20:47,-07:00,2025-04-03T14:20:47-07:00,2,10
style.css,59,css,af64199c,Martin Hawks,2025-04-03,14:20:47,-07:00,2025-04-03T14:20:47-07:00,1,0
style.css,60,css,f80a843d,Martin Hawks,2025-04-08,19:38:39,-07:00,2025-04-08T19:38:39-07:00,0,0
style.css,61,css,af64199c,Martin Hawks,2025-04-03,14:20:47,-07:00,2025-04-03T14:20:47-07:00,1,2
style.css,62,css,269c556c,Martin Hawks,2025-04-11,15:41:56,-07:00,2025-04-11T15:41:56-07:00,2,30
style.css,63,css,af64199c,Martin Hawks,2025-04-03,14:20:47,-07:00,2025-04-03T14:20:47-07:00,1,0
style.css,64,css,f80a843d,Martin Hawks,2025-04-08,19:38:39,-07:00,2025-04-08T19:38:39-07:00,0,0
style.css,65,css,af64199c,Martin Hawks,2025-04-03,14:20:47,-07:00,2025-04-03T14:20:47-07:00,1,2
style.css,66,css,269c556c,Martin Hawks,2025-04-11,15:41:56,-07:00,2025-04-11T15:41:56-07:00,2,21
style.css,67,css,269c556c,Martin Hawks,2025-04-11,15:41:56,-07:00,2025-04-11T15:41:56-07:00,1,0
style.css,68,css,269c556c,Martin Hawks,2025-04-11,15:41:56,-07:00,2025-04-11T15:41:56-07:00,0,0
style.css,69,css,269c556c,Martin Hawks,2025-04-11,15:41:56,-07:00,2025-04-11T15:41:56-07:00,1,2
style.css,70,css,5186f716,Martin Hawks,2025-04-11,13:33:57,-07:00,2025-04-11T13:33:57-07:00,2,21
style.css,71,css,5186f716,Martin Hawks,2025-04-11,13:33:57,-07:00,2025-04-11T13:33:57-07:00,1,0
style.css,72,css,5186f716,Martin Hawks,2025-04-11,13:33:57,-07:00,2025-04-11T13:33:57-07:00,0,0
style.css,73,css,5186f716,Martin Hawks,2025-04-11,13:33:57,-07:00,2025-04-11T13:33:57-07:00,1,1
style.css,74,css,5186f716,Martin Hawks,2025-04-11,13:33:57,-07:00,2025-04-11T13:33:57-07:00,2,30
style.css,75,css,af64199c,Martin Hawks,2025-04-03,14:20:47,-07:00,2025-04-03T14:20:47-07:00,1,0
style.css,76,css,f80a843d,Martin Hawks,2025-04-08,19:38:39,-07:00,2025-04-08T19:38:39-07:00,0,0
style.css,77,css,f80a843d,Martin Hawks,2025-04-08,19:38:39,-07:00,2025-04-08T19:38:39-07:00,1,3
style.css,78,css,f80a843d,Martin Hawks,2025-04-08,19:38:39,-07:00,2025-04-08T19:38:39-07:00,2,12
style.css,79,css,f80a843d,Martin Hawks,2025-04-08,19:38:39,-07:00,2025-04-08T19:38:39-07:00,2,17
style.css,80,css,f80a843d,Martin Hawks,2025-04-08,19:38:39,-07:00,2025-04-08T19:38:39-07:00,0,0
style.css,81,css,f80a843d,Martin Hawks,2025-04-08,19:38:39,-07:00,2025-04-08T19:38:39-07:00,2,1
style.css,82,css,f80a843d,Martin Hawks,2025-04-08,19:38:39,-07:00,2025-04-08T19:38:39-07:00,3,6
style.css,83,css,f80a843d,Martin Hawks,2025-04-08,19:38:39,-07:00,2025-04-08T19:38:39-07:00,3,20
style.css,84,css,269c556c,Martin Hawks,2025-04-11,15:41:56,-07:00,2025-04-11T15:41:56-07:00,3,30
style.css,85,css,269c556c,Martin Hawks,2025-04-11,15:41:56,-07:00,2025-04-11T15:41:56-07:00,3,16
style.css,86,css,f80a843d,Martin Hawks,2025-04-08,19:38:39,-07:00,2025-04-08T19:38:39-07:00,3,17
style.css,87,css,f80a843d,Martin Hawks,2025-04-08,19:38:39,-07:00,2025-04-08T19:38:39-07:00,3,13
style.css,88,css,f80a843d,Martin Hawks,2025-04-08,19:38:39,-07:00,2025-04-08T19:38:39-07:00,3,23
style.css,89,css,f80a843d,Martin Hawks,2025-04-08,19:38:39,-07:00,2025-04-08T19:38:39-07:00,3,25
style.css,90,css,269c556c,Martin Hawks,2025-04-11,15:41:56,-07:00,2025-04-11T15:41:56-07:00,3,46
style.css,91,css,f80a843d,Martin Hawks,2025-04-08,19:38:39,-07:00,2025-04-08T19:38:39-07:00,0,0
style.css,92,css,f80a843d,Martin Hawks,2025-04-08,19:38:39,-07:00,2025-04-08T19:38:39-07:00,3,7
style.css,93,css,5186f716,Martin Hawks,2025-04-11,13:33:57,-07:00,2025-04-11T13:33:57-07:00,4,44
style.css,94,css,f80a843d,Martin Hawks,2025-04-08,19:38:39,-07:00,2025-04-08T19:38:39-07:00,4,25
style.css,95,css,5186f716,Martin Hawks,2025-04-11,13:33:57,-07:00,2025-04-11T13:33:57-07:00,4,42
style.css,96,css,f80a843d,Martin Hawks,2025-04-08,19:38:39,-07:00,2025-04-08T19:38:39-07:00,3,0
style.css,97,css,f80a843d,Martin Hawks,2025-04-08,19:38:39,-07:00,2025-04-08T19:38:39-07:00,0,0
style.css,98,css,f80a843d,Martin Hawks,2025-04-08,19:38:39,-07:00,2025-04-08T19:38:39-07:00,3,9
style.css,99,css,f80a843d,Martin Hawks,2025-04-08,19:38:39,-07:00,2025-04-08T19:38:39-07:00,3,25
style.css,100,css,5186f716,Martin Hawks,2025-04-11,13:33:57,-07:00,2025-04-11T13:33:57-07:00,3,46
style.css,101,css,f80a843d,Martin Hawks,2025-04-08,19:38:39,-07:00,2025-04-08T19:38:39-07:00,3,0
style.css,102,css,f80a843d,Martin Hawks,2025-04-08,19:38:39,-07:00,2025-04-08T19:38:39-07:00,0,0
style.css,103,css,f80a843d,Martin Hawks,2025-04-08,19:38:39,-07:00,2025-04-08T19:38:39-07:00,3,15
style.css,104,css,5186f716,Martin Hawks,2025-04-11,13:33:57,-07:00,2025-04-11T13:33:57-07:00,4,42
style.css,105,css,f80a843d,Martin Hawks,2025-04-08,19:38:39,-07:00,2025-04-08T19:38:39-07:00,3,0
style.css,106,css,f80a843d,Martin Hawks,2025-04-08,19:38:39,-07:00,2025-04-08T19:38:39-07:00,2,0
style.css,107,css,f80a843d,Martin Hawks,2025-04-08,19:38:39,-07:00,2025-04-08T19:38:39-07:00,1,0
style.css,108,css,4eebd1fa,Martin Hawks,2025-04-09,20:34:05,-07:00,2025-04-09T20:34:05-07:00,0,0
style.css,109,css,4eebd1fa,Martin Hawks,2025-04-09,20:34:05,-07:00,2025-04-09T20:34:05-07:00,1,4
style.css,110,css,4eebd1fa,Martin Hawks,2025-04-09,20:34:05,-07:00,2025-04-09T20:34:05-07:00,2,12
style.css,111,css,4eebd1fa,Martin Hawks,2025-04-09,20:34:05,-07:00,2025-04-09T20:34:05-07:00,2,30
style.css,112,css,4eebd1fa,Martin Hawks,2025-04-09,20:34:05,-07:00,2025-04-09T20:34:05-07:00,2,7
style.css,113,css,001b3fe2,Martin Hawks,2025-04-16,14:41:08,-07:00,2025-04-16T14:41:08-07:00,2,38
style.css,114,css,4eebd1fa,Martin Hawks,2025-04-09,20:34:05,-07:00,2025-04-09T20:34:05-07:00,0,0
style.css,115,css,4eebd1fa,Martin Hawks,2025-04-09,20:34:05,-07:00,2025-04-09T20:34:05-07:00,2,5
style.css,116,css,4eebd1fa,Martin Hawks,2025-04-09,20:34:05,-07:00,2025-04-09T20:34:05-07:00,3,12
style.css,117,css,4eebd1fa,Martin Hawks,2025-04-09,20:34:05,-07:00,2025-04-09T20:34:05-07:00,3,29
style.css,118,css,4eebd1fa,Martin Hawks,2025-04-09,20:34:05,-07:00,2025-04-09T20:34:05-07:00,2,0
style.css,119,css,4eebd1fa,Martin Hawks,2025-04-09,20:34:05,-07:00,2025-04-09T20:34:05-07:00,0,0
style.css,120,css,4eebd1fa,Martin Hawks,2025-04-09,20:34:05,-07:00,2025-04-09T20:34:05-07:00,2,6
style.css,121,css,4eebd1fa,Martin Hawks,2025-04-09,20:34:05,-07:00,2025-04-09T20:34:05-07:00,3,12
style.css,122,css,4eebd1fa,Martin Hawks,2025-04-09,20:34:05,-07:00,2025-04-09T20:34:05-07:00,3,18
style.css,123,css,4eebd1fa,Martin Hawks,2025-04-09,20:34:05,-07:00,2025-04-09T20:34:05-07:00,3,17
style.css,124,css,001b3fe2,Martin Hawks,2025-04-16,14:41:08,-07:00,2025-04-16T14:41:08-07:00,3,42
style.css,125,css,001b3fe2,Martin Hawks,2025-04-16,14:41:08,-07:00,2025-04-16T14:41:08-07:00,3,13
style.css,126,css,001b3fe2,Martin Hawks,2025-04-16,14:41:08,-07:00,2025-04-16T14:41:08-07:00,3,20
style.css,127,css,001b3fe2,Martin Hawks,2025-04-16,14:41:08,-07:00,2025-04-16T14:41:08-07:00,2,0
style.css,128,css,001b3fe2,Martin Hawks,2025-04-16,14:41:08,-07:00,2025-04-16T14:41:08-07:00,0,0
style.css,129,css,001b3fe2,Martin Hawks,2025-04-16,14:41:08,-07:00,2025-04-16T14:41:08-07:00,2,5
style.css,130,css,001b3fe2,Martin Hawks,2025-04-16,14:41:08,-07:00,2025-04-16T14:41:08-07:00,3,13
style.css,131,css,001b3fe2,Martin Hawks,2025-04-16,14:41:08,-07:00,2025-04-16T14:41:08-07:00,3,42
style.css,132,css,001b3fe2,Martin Hawks,2025-04-16,14:41:08,-07:00,2025-04-16T14:41:08-07:00,3,20
style.css,133,css,4eebd1fa,Martin Hawks,2025-04-09,20:34:05,-07:00,2025-04-09T20:34:05-07:00,2,0
style.css,134,css,001b3fe2,Martin Hawks,2025-04-16,14:41:08,-07:00,2025-04-16T14:41:08-07:00,0,0
style.css,135,css,001b3fe2,Martin Hawks,2025-04-16,14:41:08,-07:00,2025-04-16T14:41:08-07:00,2,8
style.css,136,css,001b3fe2,Martin Hawks,2025-04-16,14:41:08,-07:00,2025-04-16T14:41:08-07:00,3,12
style.css,137,css,001b3fe2,Martin Hawks,2025-04-16,14:41:08,-07:00,2025-04-16T14:41:08-07:00,3,13
style.css,138,css,001b3fe2,Martin Hawks,2025-04-16,14:41:08,-07:00,2025-04-16T14:41:08-07:00,3,42
style.css,139,css,001b3fe2,Martin Hawks,2025-04-16,14:41:08,-07:00,2025-04-16T14:41:08-07:00,3,20
style.css,140,css,001b3fe2,Martin Hawks,2025-04-16,14:41:08,-07:00,2025-04-16T14:41:08-07:00,2,0
style.css,141,css,001b3fe2,Martin Hawks,2025-04-16,14:41:08,-07:00,2025-04-16T14:41:08-07:00,0,0
style.css,142,css,4eebd1fa,Martin Hawks,2025-04-09,20:34:05,-07:00,2025-04-09T20:34:05-07:00,0,0
style.css,143,css,463a7ec9,Martin Hawks,2025-05-01,13:39:24,-07:00,2025-05-01T13:39:24-07:00,1,10
style.css,144,css,463a7ec9,Martin Hawks,2025-05-01,13:39:24,-07:00,2025-05-01T13:39:24-07:00,2,12
style.css,145,css,463a7ec9,Martin Hawks,2025-05-01,13:39:24,-07:00,2025-05-01T13:39:24-07:00,2,18
style.css,146,css,463a7ec9,Martin Hawks,2025-05-01,13:39:24,-07:00,2025-05-01T13:39:24-07:00,1,0
style.css,147,css,463a7ec9,Martin Hawks,2025-05-01,13:39:24,-07:00,2025-05-01T13:39:24-07:00,0,0
style.css,148,css,463a7ec9,Martin Hawks,2025-05-01,13:39:24,-07:00,2025-05-01T13:39:24-07:00,1,6
style.css,149,css,463a7ec9,Martin Hawks,2025-05-01,13:39:24,-07:00,2025-05-01T13:39:24-07:00,2,6
style.css,150,css,bd365509,Martin Hawks,2025-05-01,21:38:41,-07:00,2025-05-01T21:38:41-07:00,2,11
style.css,151,css,463a7ec9,Martin Hawks,2025-05-01,13:39:24,-07:00,2025-05-01T13:39:24-07:00,2,10
style.css,152,css,463a7ec9,Martin Hawks,2025-05-01,13:39:24,-07:00,2025-05-01T13:39:24-07:00,2,37
style.css,153,css,463a7ec9,Martin Hawks,2025-05-01,13:39:24,-07:00,2025-05-01T13:39:24-07:00,2,12
style.css,154,css,463a7ec9,Martin Hawks,2025-05-01,13:39:24,-07:00,2025-05-01T13:39:24-07:00,2,18
style.css,155,css,463a7ec9,Martin Hawks,2025-05-01,13:39:24,-07:00,2025-05-01T13:39:24-07:00,2,57
style.css,156,css,463a7ec9,Martin Hawks,2025-05-01,13:39:24,-07:00,2025-05-01T13:39:24-07:00,2,18
style.css,157,css,463a7ec9,Martin Hawks,2025-05-01,13:39:24,-07:00,2025-05-01T13:39:24-07:00,1,0
style.css,158,css,463a7ec9,Martin Hawks,2025-05-01,13:39:24,-07:00,2025-05-01T13:39:24-07:00,0,0
style.css,159,css,bd365509,Martin Hawks,2025-05-01,21:38:41,-07:00,2025-05-01T21:38:41-07:00,1,3
style.css,160,css,bd365509,Martin Hawks,2025-05-01,21:38:41,-07:00,2025-05-01T21:38:41-07:00,0,0
style.css,161,css,bd365509,Martin Hawks,2025-05-01,21:38:41,-07:00,2025-05-01T21:38:41-07:00,0,0
style.css,162,css,bd365509,Martin Hawks,2025-05-01,21:38:41,-07:00,2025-05-01T21:38:41-07:00,2,17
style.css,163,css,bd365509,Martin Hawks,2025-05-01,21:38:41,-07:00,2025-05-01T21:38:41-07:00,0,0
style.css,164,css,bd365509,Martin Hawks,2025-05-01,21:38:41,-07:00,2025-05-01T21:38:41-07:00,2,16
style.css,165,css,bd365509,Martin Hawks,2025-05-01,21:38:41,-07:00,2025-05-01T21:38:41-07:00,3,11
style.css,166,css,bd365509,Martin Hawks,2025-05-01,21:38:41,-07:00,2025-05-01T21:38:41-07:00,2,0
style.css,167,css,bd365509,Martin Hawks,2025-05-01,21:38:41,-07:00,2025-05-01T21:38:41-07:00,2,4
style.css,168,css,bd365509,Martin Hawks,2025-05-01,21:38:41,-07:00,2025-05-01T21:38:41-07:00,3,16
style.css,169,css,bd365509,Martin Hawks,2025-05-01,21:38:41,-07:00,2025-05-01T21:38:41-07:00,3,13
style.css,170,css,bd365509,Martin Hawks,2025-05-01,21:38:41,-07:00,2025-05-01T21:38:41-07:00,2,0
style.css,171,css,bd365509,Martin Hawks,2025-05-01,21:38:41,-07:00,2025-05-01T21:38:41-07:00,1,0
style.css,172,css,bd365509,Martin Hawks,2025-05-01,21:38:41,-07:00,2025-05-01T21:38:41-07:00,0,0
style.css,173,css,bd365509,Martin Hawks,2025-05-01,21:38:41,-07:00,2025-05-01T21:38:41-07:00,0,0
style.css,174,css,bd365509,Martin Hawks,2025-05-01,21:38:41,-07:00,2025-05-01T21:38:41-07:00,1,9
style.css,175,css,bd365509,Martin Hawks,2025-05-01,21:38:41,-07:00,2025-05-01T21:38:41-07:00,2,45
style.css,176,css,463a7ec9,Martin Hawks,2025-05-01,13:39:24,-07:00,2025-05-01T13:39:24-07:00,0,0
style.css,177,css,bd365509,Martin Hawks,2025-05-01,21:38:41,-07:00,2025-05-01T21:38:41-07:00,2,10
style.css,178,css,bd365509,Martin Hawks,2025-05-01,21:38:41,-07:00,2025-05-01T21:38:41-07:00,3,17
style.css,179,css,bd365509,Martin Hawks,2025-05-01,21:38:41,-07:00,2025-05-01T21:38:41-07:00,2,0
style.css,180,css,bd365509,Martin Hawks,2025-05-01,21:38:41,-07:00,2025-05-01T21:38:41-07:00,1,0
style.css,181,css,463a7ec9,Martin Hawks,2025-05-01,13:39:24,-07:00,2025-05-01T13:39:24-07:00,0,0
style.css,182,css,463a7ec9,Martin Hawks,2025-05-01,13:39:24,-07:00,2025-05-01T13:39:24-07:00,1,20
style.css,183,css,bd365509,Martin Hawks,2025-05-01,21:38:41,-07:00,2025-05-01T21:38:41-07:00,2,19
style.css,184,css,bd365509,Martin Hawks,2025-05-01,21:38:41,-07:00,2025-05-01T21:38:41-07:00,2,13
style.css,185,css,463a7ec9,Martin Hawks,2025-05-01,13:39:24,-07:00,2025-05-01T13:39:24-07:00,1,0
style.css,186,css,463a7ec9,Martin Hawks,2025-05-01,13:39:24,-07:00,2025-05-01T13:39:24-07:00,0,0
style.css,187,css,463a7ec9,Martin Hawks,2025-05-01,13:39:24,-07:00,2025-05-01T13:39:24-07:00,1,14
style.css,188,css,463a7ec9,Martin Hawks,2025-05-01,13:39:24,-07:00,2025-05-01T13:39:24-07:00,2,14
style.css,189,css,463a7ec9,Martin Hawks,2025-05-01,13:39:24,-07:00,2025-05-01T13:39:24-07:00,2,16
style.css,190,css,463a7ec9,Martin Hawks,2025-05-01,13:39:24,-07:00,2025-05-01T13:39:24-07:00,2,16
style.css,191,css,463a7ec9,Martin Hawks,2025-05-01,13:39:24,-07:00,2025-05-01T13:39:24-07:00,1,0
style.css,192,css,463a7ec9,Martin Hawks,2025-05-01,13:39:24,-07:00,2025-05-01T13:39:24-07:00,0,0
style.css,193,css,4eebd1fa,Martin Hawks,2025-04-09,20:34:05,-07:00,2025-04-09T20:34:05-07:00,1,8
style.css,194,css,4eebd1fa,Martin Hawks,2025-04-09,20:34:05,-07:00,2025-04-09T20:34:05-07:00,2,12
style.css,195,css,4eebd1fa,Martin Hawks,2025-04-09,20:34:05,-07:00,2025-04-09T20:34:05-07:00,2,58
style.css,196,css,4eebd1fa,Martin Hawks,2025-04-09,20:34:05,-07:00,2025-04-09T20:34:05-07:00,2,9
style.css,197,css,4eebd1fa,Martin Hawks,2025-04-09,20:34:05,-07:00,2025-04-09T20:34:05-07:00,0,0
style.css,198,css,4eebd1fa,Martin Hawks,2025-04-09,20:34:05,-07:00,2025-04-09T20:34:05-07:00,2,3
style.css,199,css,4eebd1fa,Martin Hawks,2025-04-09,20:34:05,-07:00,2025-04-09T20:34:05-07:00,3,14
style.css,200,css,4eebd1fa,Martin Hawks,2025-04-09,20:34:05,-07:00,2025-04-09T20:34:05-07:00,3,11
style.css,201,css,4eebd1fa,Martin Hawks,2025-04-09,20:34:05,-07:00,2025-04-09T20:34:05-07:00,2,0
style.css,202,css,4eebd1fa,Martin Hawks,2025-04-09,20:34:05,-07:00,2025-04-09T20:34:05-07:00,1,0
style.css,203,css,4eebd1fa,Martin Hawks,2025-04-09,20:34:05,-07:00,2025-04-09T20:34:05-07:00,0,0
style.css,204,css,001b3fe2,Martin Hawks,2025-04-16,14:41:08,-07:00,2025-04-16T14:41:08-07:00,1,18
style.css,205,css,001b3fe2,Martin Hawks,2025-04-16,14:41:08,-07:00,2025-04-16T14:41:08-07:00,2,17
style.css,206,css,001b3fe2,Martin Hawks,2025-04-16,14:41:08,-07:00,2025-04-16T14:41:08-07:00,2,7
style.css,207,css,001b3fe2,Martin Hawks,2025-04-16,14:41:08,-07:00,2025-04-16T14:41:08-07:00,2,9
style.css,208,css,4eebd1fa,Martin Hawks,2025-04-09,20:34:05,-07:00,2025-04-09T20:34:05-07:00,2,12
style.css,209,css,022790a0,Martin Hawks,2025-04-25,21:28:05,-07:00,2025-04-25T21:28:05-07:00,2,13
style.css,210,css,001b3fe2,Martin Hawks,2025-04-16,14:41:08,-07:00,2025-04-16T14:41:08-07:00,2,6
style.css,211,css,001b3fe2,Martin Hawks,2025-04-16,14:41:08,-07:00,2025-04-16T14:41:08-07:00,3,9
style.css,212,css,001b3fe2,Martin Hawks,2025-04-16,14:41:08,-07:00,2025-04-16T14:41:08-07:00,2,0
style.css,213,css,4eebd1fa,Martin Hawks,2025-04-09,20:34:05,-07:00,2025-04-09T20:34:05-07:00,1,0
style.css,214,css,c4af276a,Martin Hawks,2025-04-02,19:41:41,-07:00,2025-04-02T19:41:41-07:00,0,0
index.js,1,js,022790a0,Martin Hawks,2025-04-25,21:28:05,-07:00,2025-04-25T21:28:05-07:00,0,68
index.js,2,js,022790a0,Martin Hawks,2025-04-25,21:28:05,-07:00,2025-04-25T21:28:05-07:00,0,0
index.js,3,js,022790a0,Martin Hawks,2025-04-25,21:28:05,-07:00,2025-04-25T21:28:05-07:00,0,54
index.js,4,js,022790a0,Martin Hawks,2025-04-25,21:28:05,-07:00,2025-04-25T21:28:05-07:00,0,42
index.js,5,js,022790a0,Martin Hawks,2025-04-25,21:28:05,-07:00,2025-04-25T21:28:05-07:00,0,0
index.js,6,js,022790a0,Martin Hawks,2025-04-25,21:28:05,-07:00,2025-04-25T21:28:05-07:00,0,59
index.js,7,js,022790a0,Martin Hawks,2025-04-25,21:28:05,-07:00,2025-04-25T21:28:05-07:00,0,0
index.js,8,js,022790a0,Martin Hawks,2025-04-25,21:28:05,-07:00,2025-04-25T21:28:05-07:00,0,54
index.js,9,js,022790a0,Martin Hawks,2025-04-25,21:28:05,-07:00,2025-04-25T21:28:05-07:00,0,0
index.js,10,js,022790a0,Martin Hawks,2025-04-25,21:28:05,-07:00,2025-04-25T21:28:05-07:00,0,50
index.js,11,js,022790a0,Martin Hawks,2025-04-25,21:28:05,-07:00,2025-04-25T21:28:05-07:00,0,54
index.js,12,js,022790a0,Martin Hawks,2025-04-25,21:28:05,-07:00,2025-04-25T21:28:05-07:00,0,0
index.js,13,js,022790a0,Martin Hawks,2025-04-25,21:28:05,-07:00,2025-04-25T21:28:05-07:00,0,12
index.js,14,js,022790a0,Martin Hawks,2025-04-25,21:28:05,-07:00,2025-04-25T21:28:05-07:00,1,19
index.js,15,js,ee98cd2f,Martin Hawks,2025-04-25,21:37:11,-07:00,2025-04-25T21:37:11-07:00,4,20
index.js,16,js,022790a0,Martin Hawks,2025-04-25,21:28:05,-07:00,2025-04-25T21:28:05-07:00,5,52
index.js,17,js,022790a0,Martin Hawks,2025-04-25,21:28:05,-07:00,2025-04-25T21:28:05-07:00,5,52
index.js,18,js,022790a0,Martin Hawks,2025-04-25,21:28:05,-07:00,2025-04-25T21:28:05-07:00,5,46
index.js,19,js,022790a0,Martin Hawks,2025-04-25,21:28:05,-07:00,2025-04-25T21:28:05-07:00,5,46
index.js,20,js,022790a0,Martin Hawks,2025-04-25,21:28:05,-07:00,2025-04-25T21:28:05-07:00,4,3
index.js,21,js,022790a0,Martin Hawks,2025-04-25,21:28:05,-07:00,2025-04-25T21:28:05-07:00,2,0
index.js,22,js,022790a0,Martin Hawks,2025-04-25,21:28:05,-07:00,2025-04-25T21:28:05-07:00,0,0
index.html,1,html,9d655b0,Martin Hawks,2025-04-02,16:01:58,-07:00,2025-04-02T16:01:58-07:00,0,13
index.html,2,html,9d655b0,Martin Hawks,2025-04-02,16:01:58,-07:00,2025-04-02T16:01:58-07:00,0,14
index.html,3,html,9d655b0,Martin Hawks,2025-04-02,16:01:58,-07:00,2025-04-02T16:01:58-07:00,2,4
index.html,4,html,9d655b0,Martin Hawks,2025-04-02,16:01:58,-07:00,2025-04-02T16:01:58-07:00,4,21
index.html,5,html,9d655b0,Martin Hawks,2025-04-02,16:01:58,-07:00,2025-04-02T16:01:58-07:00,4,54
index.html,6,html,c4af276a,Martin Hawks,2025-04-02,19:41:41,-07:00,2025-04-02T19:41:41-07:00,4,39
index.html,7,html,001b3fe2,Martin Hawks,2025-04-16,14:41:08,-07:00,2025-04-16T14:41:08-07:00,4,45
index.html,8,html,022790a0,Martin Hawks,2025-04-25,21:28:05,-07:00,2025-04-25T21:28:05-07:00,4,50
index.html,9,html,9d655b0,Martin Hawks,2025-04-02,16:01:58,-07:00,2025-04-02T16:01:58-07:00,2,5
index.html,10,html,9d655b0,Martin Hawks,2025-04-02,16:01:58,-07:00,2025-04-02T16:01:58-07:00,2,5
index.html,11,html,9d655b0,Martin Hawks,2025-04-02,16:01:58,-07:00,2025-04-02T16:01:58-07:00,2,19
index.html,12,html,022790a0,Martin Hawks,2025-04-25,21:28:05,-07:00,2025-04-25T21:28:05-07:00,2,78
index.html,13,html,022790a0,Martin Hawks,2025-04-25,21:28:05,-07:00,2025-04-25T21:28:05-07:00,2,84
index.html,14,html,fe144496,Martin Hawks,2025-05-02,14:18:31,-07:00,2025-05-02T14:18:31-07:00,2,44
index.html,15,html,022790a0,Martin Hawks,2025-04-25,21:28:05,-07:00,2025-04-25T21:28:05-07:00,2,25
index.html,16,html,ee98cd2f,Martin Hawks,2025-04-25,21:37:11,-07:00,2025-04-25T21:37:11-07:00,2,23
index.html,17,html,022790a0,Martin Hawks,2025-04-25,21:28:05,-07:00,2025-04-25T21:28:05-07:00,2,30
index.html,18,html,9d655b0,Martin Hawks,2025-04-02,16:01:58,-07:00,2025-04-02T16:01:58-07:00,2,5
index.html,19,html,9d655b0,Martin Hawks,2025-04-02,16:01:58,-07:00,2025-04-02T16:01:58-07:00,0,5
global.js,1,js,001b3fe2,Martin Hawks,2025-04-16,14:41:08,-07:00,2025-04-16T14:41:08-07:00,0,17
global.js,2,js,001b3fe2,Martin Hawks,2025-04-16,14:41:08,-07:00,2025-04-16T14:41:08-07:00,0,22
global.js,3,js,001b3fe2,Martin Hawks,2025-04-16,14:41:08,-07:00,2025-04-16T14:41:08-07:00,0,0
global.js,4,js,5d69d21c,Martin Hawks,2025-04-17,13:36:54,-07:00,2025-04-17T13:36:54-07:00,0,25
global.js,5,js,001b3fe2,Martin Hawks,2025-04-16,14:41:08,-07:00,2025-04-16T14:41:08-07:00,0,70
global.js,6,js,001b3fe2,Martin Hawks,2025-04-16,14:41:08,-07:00,2025-04-16T14:41:08-07:00,0,16
global.js,7,js,001b3fe2,Martin Hawks,2025-04-16,14:41:08,-07:00,2025-04-16T14:41:08-07:00,1,49
global.js,8,js,001b3fe2,Martin Hawks,2025-04-16,14:41:08,-07:00,2025-04-16T14:41:08-07:00,0,6
global.js,9,js,001b3fe2,Martin Hawks,2025-04-16,14:41:08,-07:00,2025-04-16T14:41:08-07:00,1,50
global.js,10,js,001b3fe2,Martin Hawks,2025-04-16,14:41:08,-07:00,2025-04-16T14:41:08-07:00,0,0
global.js,11,js,463a7ec9,Martin Hawks,2025-05-01,13:39:24,-07:00,2025-05-01T13:39:24-07:00,0,0
global.js,12,js,463a7ec9,Martin Hawks,2025-05-01,13:39:24,-07:00,2025-05-01T13:39:24-07:00,0,0
global.js,13,js,001b3fe2,Martin Hawks,2025-04-16,14:41:08,-07:00,2025-04-16T14:41:08-07:00,0,41
global.js,14,js,001b3fe2,Martin Hawks,2025-04-16,14:41:08,-07:00,2025-04-16T14:41:08-07:00,1,52
global.js,15,js,001b3fe2,Martin Hawks,2025-04-16,14:41:08,-07:00,2025-04-16T14:41:08-07:00,0,0
global.js,16,js,001b3fe2,Martin Hawks,2025-04-16,14:41:08,-07:00,2025-04-16T14:41:08-07:00,0,0
global.js,17,js,5d69d21c,Martin Hawks,2025-04-17,13:36:54,-07:00,2025-04-17T13:36:54-07:00,0,0
global.js,18,js,5d69d21c,Martin Hawks,2025-04-17,13:36:54,-07:00,2025-04-17T13:36:54-07:00,0,29
global.js,19,js,001b3fe2,Martin Hawks,2025-04-16,14:41:08,-07:00,2025-04-16T14:41:08-07:00,0,25
global.js,20,js,001b3fe2,Martin Hawks,2025-04-16,14:41:08,-07:00,2025-04-16T14:41:08-07:00,0,0
global.js,21,js,001b3fe2,Martin Hawks,2025-04-16,14:41:08,-07:00,2025-04-16T14:41:08-07:00,0,30
global.js,22,js,001b3fe2,Martin Hawks,2025-04-16,14:41:08,-07:00,2025-04-16T14:41:08-07:00,1,66
global.js,23,js,001b3fe2,Martin Hawks,2025-04-16,14:41:08,-07:00,2025-04-16T14:41:08-07:00,0,0
global.js,24,js,001b3fe2,Martin Hawks,2025-04-16,14:41:08,-07:00,2025-04-16T14:41:08-07:00,0,0
global.js,25,js,001b3fe2,Martin Hawks,2025-04-16,14:41:08,-07:00,2025-04-16T14:41:08-07:00,0,16
global.js,26,js,001b3fe2,Martin Hawks,2025-04-16,14:41:08,-07:00,2025-04-16T14:41:08-07:00,1,35
global.js,27,js,001b3fe2,Martin Hawks,2025-04-16,14:41:08,-07:00,2025-04-16T14:41:08-07:00,0,0
global.js,28,js,001b3fe2,Martin Hawks,2025-04-16,14:41:08,-07:00,2025-04-16T14:41:08-07:00,0,0
global.js,29,js,001b3fe2,Martin Hawks,2025-04-16,14:41:08,-07:00,2025-04-16T14:41:08-07:00,0,11
global.js,30,js,001b3fe2,Martin Hawks,2025-04-16,14:41:08,-07:00,2025-04-16T14:41:08-07:00,1,25
global.js,31,js,001b3fe2,Martin Hawks,2025-04-16,14:41:08,-07:00,2025-04-16T14:41:08-07:00,1,38
global.js,32,js,001b3fe2,Martin Hawks,2025-04-16,14:41:08,-07:00,2025-04-16T14:41:08-07:00,1,36
global.js,33,js,001b3fe2,Martin Hawks,2025-04-16,14:41:08,-07:00,2025-04-16T14:41:08-07:00,1,43
global.js,34,js,022790a0,Martin Hawks,2025-04-25,21:28:05,-07:00,2025-04-25T21:28:05-07:00,1,62
global.js,35,js,022790a0,Martin Hawks,2025-04-25,21:28:05,-07:00,2025-04-25T21:28:05-07:00,1,65
global.js,36,js,001b3fe2,Martin Hawks,2025-04-16,14:41:08,-07:00,2025-04-16T14:41:08-07:00,0,0
global.js,37,js,001b3fe2,Martin Hawks,2025-04-16,14:41:08,-07:00,2025-04-16T14:41:08-07:00,0,0
global.js,38,js,001b3fe2,Martin Hawks,2025-04-16,14:41:08,-07:00,2025-04-16T14:41:08-07:00,0,38
global.js,39,js,001b3fe2,Martin Hawks,2025-04-16,14:41:08,-07:00,2025-04-16T14:41:08-07:00,0,25
global.js,40,js,001b3fe2,Martin Hawks,2025-04-16,14:41:08,-07:00,2025-04-16T14:41:08-07:00,0,20
global.js,41,js,001b3fe2,Martin Hawks,2025-04-16,14:41:08,-07:00,2025-04-16T14:41:08-07:00,1,14
global.js,42,js,001b3fe2,Martin Hawks,2025-04-16,14:41:08,-07:00,2025-04-16T14:41:08-07:00,1,18
global.js,43,js,001b3fe2,Martin Hawks,2025-04-16,14:41:08,-07:00,2025-04-16T14:41:08-07:00,1,34
global.js,44,js,001b3fe2,Martin Hawks,2025-04-16,14:41:08,-07:00,2025-04-16T14:41:08-07:00,1,88
global.js,45,js,001b3fe2,Martin Hawks,2025-04-16,14:41:08,-07:00,2025-04-16T14:41:08-07:00,1,36
global.js,46,js,001b3fe2,Martin Hawks,2025-04-16,14:41:08,-07:00,2025-04-16T14:41:08-07:00,1,44
global.js,47,js,001b3fe2,Martin Hawks,2025-04-16,14:41:08,-07:00,2025-04-16T14:41:08-07:00,1,28
global.js,48,js,001b3fe2,Martin Hawks,2025-04-16,14:41:08,-07:00,2025-04-16T14:41:08-07:00,2,20
global.js,49,js,001b3fe2,Martin Hawks,2025-04-16,14:41:08,-07:00,2025-04-16T14:41:08-07:00,1,0
global.js,50,js,001b3fe2,Martin Hawks,2025-04-16,14:41:08,-07:00,2025-04-16T14:41:08-07:00,1,11
global.js,51,js,001b3fe2,Martin Hawks,2025-04-16,14:41:08,-07:00,2025-04-16T14:41:08-07:00,1,20
global.js,52,js,001b3fe2,Martin Hawks,2025-04-16,14:41:08,-07:00,2025-04-16T14:41:08-07:00,1,12
global.js,53,js,001b3fe2,Martin Hawks,2025-04-16,14:41:08,-07:00,2025-04-16T14:41:08-07:00,0,0
global.js,54,js,001b3fe2,Martin Hawks,2025-04-16,14:41:08,-07:00,2025-04-16T14:41:08-07:00,0,0
global.js,55,js,001b3fe2,Martin Hawks,2025-04-16,14:41:08,-07:00,2025-04-16T14:41:08-07:00,1,65
global.js,56,js,001b3fe2,Martin Hawks,2025-04-16,14:41:08,-07:00,2025-04-16T14:41:08-07:00,2,25
global.js,57,js,001b3fe2,Martin Hawks,2025-04-16,14:41:08,-07:00,2025-04-16T14:41:08-07:00,1,0
global.js,58,js,001b3fe2,Martin Hawks,2025-04-16,14:41:08,-07:00,2025-04-16T14:41:08-07:00,0,0
global.js,59,js,001b3fe2,Martin Hawks,2025-04-16,14:41:08,-07:00,2025-04-16T14:41:08-07:00,1,28
global.js,60,js,001b3fe2,Martin Hawks,2025-04-16,14:41:08,-07:00,2025-04-16T14:41:08-07:00,2,17
global.js,61,js,001b3fe2,Martin Hawks,2025-04-16,14:41:08,-07:00,2025-04-16T14:41:08-07:00,1,0
global.js,62,js,001b3fe2,Martin Hawks,2025-04-16,14:41:08,-07:00,2025-04-16T14:41:08-07:00,0,0
global.js,63,js,001b3fe2,Martin Hawks,2025-04-16,14:41:08,-07:00,2025-04-16T14:41:08-07:00,0,0
global.js,64,js,5d69d21c,Martin Hawks,2025-04-17,13:36:54,-07:00,2025-04-17T13:36:54-07:00,0,23
global.js,65,js,001b3fe2,Martin Hawks,2025-04-16,14:41:08,-07:00,2025-04-16T14:41:08-07:00,0,31
global.js,66,js,001b3fe2,Martin Hawks,2025-04-16,14:41:08,-07:00,2025-04-16T14:41:08-07:00,1,11
global.js,67,js,001b3fe2,Martin Hawks,2025-04-16,14:41:08,-07:00,2025-04-16T14:41:08-07:00,1,0
global.js,68,js,001b3fe2,Martin Hawks,2025-04-16,14:41:08,-07:00,2025-04-16T14:41:08-07:00,0,26
global.js,69,js,001b3fe2,Martin Hawks,2025-04-16,14:41:08,-07:00,2025-04-16T14:41:08-07:00,0,4
global.js,70,js,001b3fe2,Martin Hawks,2025-04-16,14:41:08,-07:00,2025-04-16T14:41:08-07:00,0,6
global.js,71,js,001b3fe2,Martin Hawks,2025-04-16,14:41:08,-07:00,2025-04-16T14:41:08-07:00,0,43
global.js,72,js,001b3fe2,Martin Hawks,2025-04-16,14:41:08,-07:00,2025-04-16T14:41:08-07:00,0,34
global.js,73,js,001b3fe2,Martin Hawks,2025-04-16,14:41:08,-07:00,2025-04-16T14:41:08-07:00,0,32
global.js,74,js,001b3fe2,Martin Hawks,2025-04-16,14:41:08,-07:00,2025-04-16T14:41:08-07:00,0,7
global.js,75,js,001b3fe2,Martin Hawks,2025-04-16,14:41:08,-07:00,2025-04-16T14:41:08-07:00,0,8
global.js,76,js,001b3fe2,Martin Hawks,2025-04-16,14:41:08,-07:00,2025-04-16T14:41:08-07:00,0,0
global.js,77,js,5d69d21c,Martin Hawks,2025-04-17,13:36:54,-07:00,2025-04-17T13:36:54-07:00,0,34
global.js,78,js,5d69d21c,Martin Hawks,2025-04-17,13:36:54,-07:00,2025-04-17T13:36:54-07:00,1,36
global.js,79,js,5d69d21c,Martin Hawks,2025-04-17,13:36:54,-07:00,2025-04-17T13:36:54-07:00,1,49
global.js,80,js,5d69d21c,Martin Hawks,2025-04-17,13:36:54,-07:00,2025-04-17T13:36:54-07:00,1,65
global.js,81,js,5d69d21c,Martin Hawks,2025-04-17,13:36:54,-07:00,2025-04-17T13:36:54-07:00,0,0
global.js,82,js,5d69d21c,Martin Hawks,2025-04-17,13:36:54,-07:00,2025-04-17T13:36:54-07:00,0,0
global.js,83,js,001b3fe2,Martin Hawks,2025-04-16,14:41:08,-07:00,2025-04-16T14:41:08-07:00,0,0
global.js,84,js,001b3fe2,Martin Hawks,2025-04-16,14:41:08,-07:00,2025-04-16T14:41:08-07:00,0,50
global.js,85,js,001b3fe2,Martin Hawks,2025-04-16,14:41:08,-07:00,2025-04-16T14:41:08-07:00,0,0
global.js,86,js,001b3fe2,Martin Hawks,2025-04-16,14:41:08,-07:00,2025-04-16T14:41:08-07:00,0,49
global.js,87,js,001b3fe2,Martin Hawks,2025-04-16,14:41:08,-07:00,2025-04-16T14:41:08-07:00,1,40
global.js,88,js,001b3fe2,Martin Hawks,2025-04-16,14:41:08,-07:00,2025-04-16T14:41:08-07:00,2,70
global.js,89,js,001b3fe2,Martin Hawks,2025-04-16,14:41:08,-07:00,2025-04-16T14:41:08-07:00,2,16
global.js,90,js,001b3fe2,Martin Hawks,2025-04-16,14:41:08,-07:00,2025-04-16T14:41:08-07:00,3,49
global.js,91,js,5d69d21c,Martin Hawks,2025-04-17,13:36:54,-07:00,2025-04-17T13:36:54-07:00,3,32
global.js,92,js,001b3fe2,Martin Hawks,2025-04-16,14:41:08,-07:00,2025-04-16T14:41:08-07:00,2,6
global.js,93,js,001b3fe2,Martin Hawks,2025-04-16,14:41:08,-07:00,2025-04-16T14:41:08-07:00,3,50
global.js,94,js,5d69d21c,Martin Hawks,2025-04-17,13:36:54,-07:00,2025-04-17T13:36:54-07:00,3,33
global.js,95,js,001b3fe2,Martin Hawks,2025-04-16,14:41:08,-07:00,2025-04-16T14:41:08-07:00,2,0
global.js,96,js,001b3fe2,Martin Hawks,2025-04-16,14:41:08,-07:00,2025-04-16T14:41:08-07:00,1,6
global.js,97,js,001b3fe2,Martin Hawks,2025-04-16,14:41:08,-07:00,2025-04-16T14:41:08-07:00,2,61
global.js,98,js,5d69d21c,Martin Hawks,2025-04-17,13:36:54,-07:00,2025-04-17T13:36:54-07:00,3,44
global.js,99,js,001b3fe2,Martin Hawks,2025-04-16,14:41:08,-07:00,2025-04-16T14:41:08-07:00,1,0
global.js,100,js,001b3fe2,Martin Hawks,2025-04-16,14:41:08,-07:00,2025-04-16T14:41:08-07:00,0,1
global.js,101,js,5d69d21c,Martin Hawks,2025-04-17,13:36:54,-07:00,2025-04-17T13:36:54-07:00,0,0
global.js,102,js,022790a0,Martin Hawks,2025-04-25,21:28:05,-07:00,2025-04-25T21:28:05-07:00,0,0
global.js,103,js,5d69d21c,Martin Hawks,2025-04-17,13:36:54,-07:00,2025-04-17T13:36:54-07:00,0,22
global.js,104,js,5d69d21c,Martin Hawks,2025-04-17,13:36:54,-07:00,2025-04-17T13:36:54-07:00,0,47
global.js,105,js,5d69d21c,Martin Hawks,2025-04-17,13:36:54,-07:00,2025-04-17T13:36:54-07:00,0,18
global.js,106,js,5d69d21c,Martin Hawks,2025-04-17,13:36:54,-07:00,2025-04-17T13:36:54-07:00,1,48
global.js,107,js,5d69d21c,Martin Hawks,2025-04-17,13:36:54,-07:00,2025-04-17T13:36:54-07:00,2,21
global.js,108,js,5d69d21c,Martin Hawks,2025-04-17,13:36:54,-07:00,2025-04-17T13:36:54-07:00,2,28
global.js,109,js,5d69d21c,Martin Hawks,2025-04-17,13:36:54,-07:00,2025-04-17T13:36:54-07:00,2,25
global.js,110,js,5d69d21c,Martin Hawks,2025-04-17,13:36:54,-07:00,2025-04-17T13:36:54-07:00,2,31
global.js,111,js,5d69d21c,Martin Hawks,2025-04-17,13:36:54,-07:00,2025-04-17T13:36:54-07:00,3,15
global.js,112,js,5d69d21c,Martin Hawks,2025-04-17,13:36:54,-07:00,2025-04-17T13:36:54-07:00,3,14
global.js,113,js,5d69d21c,Martin Hawks,2025-04-17,13:36:54,-07:00,2025-04-17T13:36:54-07:00,3,36
global.js,114,js,5d69d21c,Martin Hawks,2025-04-17,13:36:54,-07:00,2025-04-17T13:36:54-07:00,3,14
global.js,115,js,5d69d21c,Martin Hawks,2025-04-17,13:36:54,-07:00,2025-04-17T13:36:54-07:00,2,0
global.js,116,js,5d69d21c,Martin Hawks,2025-04-17,13:36:54,-07:00,2025-04-17T13:36:54-07:00,2,18
global.js,117,js,5d69d21c,Martin Hawks,2025-04-17,13:36:54,-07:00,2025-04-17T13:36:54-07:00,1,1
global.js,118,js,5d69d21c,Martin Hawks,2025-04-17,13:36:54,-07:00,2025-04-17T13:36:54-07:00,0,0
global.js,119,js,022790a0,Martin Hawks,2025-04-25,21:28:05,-07:00,2025-04-25T21:28:05-07:00,0,0
global.js,120,js,022790a0,Martin Hawks,2025-04-25,21:28:05,-07:00,2025-04-25T21:28:05-07:00,0,33
global.js,121,js,022790a0,Martin Hawks,2025-04-25,21:28:05,-07:00,2025-04-25T21:28:05-07:00,0,0
global.js,122,js,022790a0,Martin Hawks,2025-04-25,21:28:05,-07:00,2025-04-25T21:28:05-07:00,0,51
global.js,123,js,022790a0,Martin Hawks,2025-04-25,21:28:05,-07:00,2025-04-25T21:28:05-07:00,1,23
global.js,124,js,022790a0,Martin Hawks,2025-04-25,21:28:05,-07:00,2025-04-25T21:28:05-07:00,2,10
global.js,125,js,022790a0,Martin Hawks,2025-04-25,21:28:05,-07:00,2025-04-25T21:28:05-07:00,1,6
global.js,126,js,022790a0,Martin Hawks,2025-04-25,21:28:05,-07:00,2025-04-25T21:28:05-07:00,3,23
global.js,127,js,bd365509,Martin Hawks,2025-05-01,21:38:41,-07:00,2025-05-01T21:38:41-07:00,3,59
global.js,128,js,bd365509,Martin Hawks,2025-05-01,21:38:41,-07:00,2025-05-01T21:38:41-07:00,3,30
global.js,129,js,fe144496,Martin Hawks,2025-05-02,14:18:31,-07:00,2025-05-02T14:18:31-07:00,3,55
global.js,130,js,022790a0,Martin Hawks,2025-04-25,21:28:05,-07:00,2025-04-25T21:28:05-07:00,3,29
global.js,131,js,022790a0,Martin Hawks,2025-04-25,21:28:05,-07:00,2025-04-25T21:28:05-07:00,4,48
global.js,132,js,022790a0,Martin Hawks,2025-04-25,21:28:05,-07:00,2025-04-25T21:28:05-07:00,4,32
global.js,133,js,022790a0,Martin Hawks,2025-04-25,21:28:05,-07:00,2025-04-25T21:28:05-07:00,6,37
global.js,134,js,022790a0,Martin Hawks,2025-04-25,21:28:05,-07:00,2025-04-25T21:28:05-07:00,6,62
global.js,135,js,022790a0,Martin Hawks,2025-04-25,21:28:05,-07:00,2025-04-25T21:28:05-07:00,5,58
global.js,136,js,022790a0,Martin Hawks,2025-04-25,21:28:05,-07:00,2025-04-25T21:28:05-07:00,5,19
global.js,137,js,022790a0,Martin Hawks,2025-04-25,21:28:05,-07:00,2025-04-25T21:28:05-07:00,5,7
global.js,138,js,022790a0,Martin Hawks,2025-04-25,21:28:05,-07:00,2025-04-25T21:28:05-07:00,4,0
global.js,139,js,022790a0,Martin Hawks,2025-04-25,21:28:05,-07:00,2025-04-25T21:28:05-07:00,0,0
global.js,140,js,022790a0,Martin Hawks,2025-04-25,21:28:05,-07:00,2025-04-25T21:28:05-07:00,4,43
global.js,141,js,022790a0,Martin Hawks,2025-04-25,21:28:05,-07:00,2025-04-25T21:28:05-07:00,4,37
global.js,142,js,022790a0,Martin Hawks,2025-04-25,21:28:05,-07:00,2025-04-25T21:28:05-07:00,4,39
global.js,143,js,022790a0,Martin Hawks,2025-04-25,21:28:05,-07:00,2025-04-25T21:28:05-07:00,4,40
global.js,144,js,022790a0,Martin Hawks,2025-04-25,21:28:05,-07:00,2025-04-25T21:28:05-07:00,4,39
global.js,145,js,022790a0,Martin Hawks,2025-04-25,21:28:05,-07:00,2025-04-25T21:28:05-07:00,4,41
global.js,146,js,022790a0,Martin Hawks,2025-04-25,21:28:05,-07:00,2025-04-25T21:28:05-07:00,4,38
global.js,147,js,022790a0,Martin Hawks,2025-04-25,21:28:05,-07:00,2025-04-25T21:28:05-07:00,4,27
global.js,148,js,022790a0,Martin Hawks,2025-04-25,21:28:05,-07:00,2025-04-25T21:28:05-07:00,0,0
global.js,149,js,022790a0,Martin Hawks,2025-04-25,21:28:05,-07:00,2025-04-25T21:28:05-07:00,4,33
global.js,150,js,022790a0,Martin Hawks,2025-04-25,21:28:05,-07:00,2025-04-25T21:28:05-07:00,5,42
global.js,151,js,022790a0,Martin Hawks,2025-04-25,21:28:05,-07:00,2025-04-25T21:28:05-07:00,5,42
global.js,152,js,022790a0,Martin Hawks,2025-04-25,21:28:05,-07:00,2025-04-25T21:28:05-07:00,5,25
global.js,153,js,022790a0,Martin Hawks,2025-04-25,21:28:05,-07:00,2025-04-25T21:28:05-07:00,4,0
global.js,154,js,022790a0,Martin Hawks,2025-04-25,21:28:05,-07:00,2025-04-25T21:28:05-07:00,4,24
global.js,155,js,022790a0,Martin Hawks,2025-04-25,21:28:05,-07:00,2025-04-25T21:28:05-07:00,4,24
global.js,156,js,022790a0,Martin Hawks,2025-04-25,21:28:05,-07:00,2025-04-25T21:28:05-07:00,4,29
global.js,157,js,022790a0,Martin Hawks,2025-04-25,21:28:05,-07:00,2025-04-25T21:28:05-07:00,2,0
global.js,158,js,022790a0,Martin Hawks,2025-04-25,21:28:05,-07:00,2025-04-25T21:28:05-07:00,1,0
global.js,159,js,022790a0,Martin Hawks,2025-04-25,21:28:05,-07:00,2025-04-25T21:28:05-07:00,0,0
global.js,160,js,022790a0,Martin Hawks,2025-04-25,21:28:05,-07:00,2025-04-25T21:28:05-07:00,0,0
global.js,161,js,022790a0,Martin Hawks,2025-04-25,21:28:05,-07:00,2025-04-25T21:28:05-07:00,0,36
global.js,162,js,022790a0,Martin Hawks,2025-04-25,21:28:05,-07:00,2025-04-25T21:28:05-07:00,1,3
global.js,163,js,022790a0,Martin Hawks,2025-04-25,21:28:05,-07:00,2025-04-25T21:28:05-07:00,2,32
global.js,164,js,022790a0,Martin Hawks,2025-04-25,21:28:05,-07:00,2025-04-25T21:28:05-07:00,2,17
global.js,165,js,022790a0,Martin Hawks,2025-04-25,21:28:05,-07:00,2025-04-25T21:28:05-07:00,3,66
global.js,166,js,022790a0,Martin Hawks,2025-04-25,21:28:05,-07:00,2025-04-25T21:28:05-07:00,2,6
global.js,167,js,022790a0,Martin Hawks,2025-04-25,21:28:05,-07:00,2025-04-25T21:28:05-07:00,3,33
global.js,168,js,022790a0,Martin Hawks,2025-04-25,21:28:05,-07:00,2025-04-25T21:28:05-07:00,3,9
global.js,169,js,022790a0,Martin Hawks,2025-04-25,21:28:05,-07:00,2025-04-25T21:28:05-07:00,2,0
global.js,170,js,022790a0,Martin Hawks,2025-04-25,21:28:05,-07:00,2025-04-25T21:28:05-07:00,1,15
global.js,171,js,022790a0,Martin Hawks,2025-04-25,21:28:05,-07:00,2025-04-25T21:28:05-07:00,2,65
global.js,172,js,022790a0,Martin Hawks,2025-04-25,21:28:05,-07:00,2025-04-25T21:28:05-07:00,1,0
global.js,173,js,022790a0,Martin Hawks,2025-04-25,21:28:05,-07:00,2025-04-25T21:28:05-07:00,0,0
global.js,174,js,022790a0,Martin Hawks,2025-04-25,21:28:05,-07:00,2025-04-25T21:28:05-07:00,0,0
global.js,175,js,022790a0,Martin Hawks,2025-04-25,21:28:05,-07:00,2025-04-25T21:28:05-07:00,0,0
global.js,176,js,022790a0,Martin Hawks,2025-04-25,21:28:05,-07:00,2025-04-25T21:28:05-07:00,0,47
global.js,177,js,022790a0,Martin Hawks,2025-04-25,21:28:05,-07:00,2025-04-25T21:28:05-07:00,1,59
global.js,178,js,022790a0,Martin Hawks,2025-04-25,21:28:05,-07:00,2025-04-25T21:28:05-07:00,0,0
cvstyle.css,1,css,269c556c,Martin Hawks,2025-04-11,15:41:56,-07:00,2025-04-11T15:41:56-07:00,0,18
cvstyle.css,2,css,269c556c,Martin Hawks,2025-04-11,15:41:56,-07:00,2025-04-11T15:41:56-07:00,0,0
cvstyle.css,3,css,269c556c,Martin Hawks,2025-04-11,15:41:56,-07:00,2025-04-11T15:41:56-07:00,0,4
cvstyle.css,4,css,269c556c,Martin Hawks,2025-04-11,15:41:56,-07:00,2025-04-11T15:41:56-07:00,2,14
cvstyle.css,5,css,269c556c,Martin Hawks,2025-04-11,15:41:56,-07:00,2025-04-11T15:41:56-07:00,4,12
cvstyle.css,6,css,269c556c,Martin Hawks,2025-04-11,15:41:56,-07:00,2025-04-11T15:41:56-07:00,4,30
cvstyle.css,7,css,269c556c,Martin Hawks,2025-04-11,15:41:56,-07:00,2025-04-11T15:41:56-07:00,4,7
cvstyle.css,8,css,269c556c,Martin Hawks,2025-04-11,15:41:56,-07:00,2025-04-11T15:41:56-07:00,4,13
cvstyle.css,9,css,269c556c,Martin Hawks,2025-04-11,15:41:56,-07:00,2025-04-11T15:41:56-07:00,2,0
cvstyle.css,10,css,269c556c,Martin Hawks,2025-04-11,15:41:56,-07:00,2025-04-11T15:41:56-07:00,0,0
cvstyle.css,11,css,269c556c,Martin Hawks,2025-04-11,15:41:56,-07:00,2025-04-11T15:41:56-07:00,2,7
cvstyle.css,12,css,269c556c,Martin Hawks,2025-04-11,15:41:56,-07:00,2025-04-11T15:41:56-07:00,4,16
cvstyle.css,13,css,2235a759,Martin Hawks,2025-04-11,18:44:22,-07:00,2025-04-11T18:44:22-07:00,4,18
cvstyle.css,14,css,269c556c,Martin Hawks,2025-04-11,15:41:56,-07:00,2025-04-11T15:41:56-07:00,2,0
cvstyle.css,15,css,269c556c,Martin Hawks,2025-04-11,15:41:56,-07:00,2025-04-11T15:41:56-07:00,0,0
cvstyle.css,16,css,2235a759,Martin Hawks,2025-04-11,18:44:22,-07:00,2025-04-11T18:44:22-07:00,2,16
cvstyle.css,17,css,269c556c,Martin Hawks,2025-04-11,15:41:56,-07:00,2025-04-11T15:41:56-07:00,4,13
cvstyle.css,18,css,269c556c,Martin Hawks,2025-04-11,15:41:56,-07:00,2025-04-11T15:41:56-07:00,4,8
cvstyle.css,19,css,269c556c,Martin Hawks,2025-04-11,15:41:56,-07:00,2025-04-11T15:41:56-07:00,2,0
cvstyle.css,20,css,269c556c,Martin Hawks,2025-04-11,15:41:56,-07:00,2025-04-11T15:41:56-07:00,0,0
cvstyle.css,21,css,2235a759,Martin Hawks,2025-04-11,18:44:22,-07:00,2025-04-11T18:44:22-07:00,2,10
cvstyle.css,22,css,2235a759,Martin Hawks,2025-04-11,18:44:22,-07:00,2025-04-11T18:44:22-07:00,4,8
cvstyle.css,23,css,2235a759,Martin Hawks,2025-04-11,18:44:22,-07:00,2025-04-11T18:44:22-07:00,2,0
cvstyle.css,24,css,2235a759,Martin Hawks,2025-04-11,18:44:22,-07:00,2025-04-11T18:44:22-07:00,0,0
cvstyle.css,25,css,2235a759,Martin Hawks,2025-04-11,18:44:22,-07:00,2025-04-11T18:44:22-07:00,2,10
cvstyle.css,26,css,2235a759,Martin Hawks,2025-04-11,18:44:22,-07:00,2025-04-11T18:44:22-07:00,4,18
cvstyle.css,27,css,2235a759,Martin Hawks,2025-04-11,18:44:22,-07:00,2025-04-11T18:44:22-07:00,2,0
cvstyle.css,28,css,2235a759,Martin Hawks,2025-04-11,18:44:22,-07:00,2025-04-11T18:44:22-07:00,0,0
cvstyle.css,29,css,2235a759,Martin Hawks,2025-04-11,18:44:22,-07:00,2025-04-11T18:44:22-07:00,2,10
cvstyle.css,30,css,2235a759,Martin Hawks,2025-04-11,18:44:22,-07:00,2025-04-11T18:44:22-07:00,4,13
cvstyle.css,31,css,2235a759,Martin Hawks,2025-04-11,18:44:22,-07:00,2025-04-11T18:44:22-07:00,2,0
cvstyle.css,32,css,2235a759,Martin Hawks,2025-04-11,18:44:22,-07:00,2025-04-11T18:44:22-07:00,0,0
cvstyle.css,33,css,269c556c,Martin Hawks,2025-04-11,15:41:56,-07:00,2025-04-11T15:41:56-07:00,2,5
cvstyle.css,34,css,269c556c,Martin Hawks,2025-04-11,15:41:56,-07:00,2025-04-11T15:41:56-07:00,4,13
cvstyle.css,35,css,269c556c,Martin Hawks,2025-04-11,15:41:56,-07:00,2025-04-11T15:41:56-07:00,4,8
cvstyle.css,36,css,269c556c,Martin Hawks,2025-04-11,15:41:56,-07:00,2025-04-11T15:41:56-07:00,2,0
cvstyle.css,37,css,269c556c,Martin Hawks,2025-04-11,15:41:56,-07:00,2025-04-11T15:41:56-07:00,0,0
curriculumVitae.html,1,html,af64199c,Martin Hawks,2025-04-03,14:20:47,-07:00,2025-04-03T14:20:47-07:00,0,13
curriculumVitae.html,2,html,af64199c,Martin Hawks,2025-04-03,14:20:47,-07:00,2025-04-03T14:20:47-07:00,0,14
curriculumVitae.html,3,html,af64199c,Martin Hawks,2025-04-03,14:20:47,-07:00,2025-04-03T14:20:47-07:00,2,4
curriculumVitae.html,4,html,af64199c,Martin Hawks,2025-04-03,14:20:47,-07:00,2025-04-03T14:20:47-07:00,4,21
curriculumVitae.html,5,html,af64199c,Martin Hawks,2025-04-03,14:20:47,-07:00,2025-04-03T14:20:47-07:00,4,29
curriculumVitae.html,6,html,269c556c,Martin Hawks,2025-04-11,15:41:56,-07:00,2025-04-11T15:41:56-07:00,4,41
curriculumVitae.html,7,html,89f7f561,Martin Hawks,2025-04-19,20:44:30,-07:00,2025-04-19T20:44:30-07:00,4,45
curriculumVitae.html,8,html,af64199c,Martin Hawks,2025-04-03,14:20:47,-07:00,2025-04-03T14:20:47-07:00,2,5
curriculumVitae.html,9,html,af64199c,Martin Hawks,2025-04-03,14:20:47,-07:00,2025-04-03T14:20:47-07:00,2,4
curriculumVitae.html,10,html,af64199c,Martin Hawks,2025-04-03,14:20:47,-07:00,2025-04-03T14:20:47-07:00,4,23
curriculumVitae.html,11,html,af64199c,Martin Hawks,2025-04-03,14:20:47,-07:00,2025-04-03T14:20:47-07:00,4,30
curriculumVitae.html,12,html,269c556c,Martin Hawks,2025-04-11,15:41:56,-07:00,2025-04-11T15:41:56-07:00,2,22
curriculumVitae.html,13,html,af64199c,Martin Hawks,2025-04-03,14:20:47,-07:00,2025-04-03T14:20:47-07:00,2,7
curriculumVitae.html,14,html,269c556c,Martin Hawks,2025-04-11,15:41:56,-07:00,2025-04-11T15:41:56-07:00,4,16
curriculumVitae.html,15,html,2235a759,Martin Hawks,2025-04-11,18:44:22,-07:00,2025-04-11T18:44:22-07:00,4,27
curriculumVitae.html,16,html,00000000,Not Committed Yet,2025-05-07,15:17:26,-07:00,2025-05-07T15:17:26-07:00,6,50
curriculumVitae.html,17,html,2235a759,Martin Hawks,2025-04-11,18:44:22,-07:00,2025-04-11T18:44:22-07:00,6,60
curriculumVitae.html,18,html,2235a759,Martin Hawks,2025-04-11,18:44:22,-07:00,2025-04-11T18:44:22-07:00,4,4
curriculumVitae.html,19,html,af64199c,Martin Hawks,2025-04-03,14:20:47,-07:00,2025-04-03T14:20:47-07:00,4,1
curriculumVitae.html,20,html,2f7649da,Martin Hawks,2025-04-03,15:15:40,-07:00,2025-04-03T15:15:40-07:00,6,77
curriculumVitae.html,21,html,af64199c,Martin Hawks,2025-04-03,14:20:47,-07:00,2025-04-03T14:20:47-07:00,4,2
curriculumVitae.html,22,html,af64199c,Martin Hawks,2025-04-03,14:20:47,-07:00,2025-04-03T14:20:47-07:00,2,8
curriculumVitae.html,23,html,af64199c,Martin Hawks,2025-04-03,14:20:47,-07:00,2025-04-03T14:20:47-07:00,2,44
curriculumVitae.html,24,html,af64199c,Martin Hawks,2025-04-03,14:20:47,-07:00,2025-04-03T14:20:47-07:00,2,7
curriculumVitae.html,25,html,269c556c,Martin Hawks,2025-04-11,15:41:56,-07:00,2025-04-11T15:41:56-07:00,4,30
curriculumVitae.html,26,html,2235a759,Martin Hawks,2025-04-11,18:44:22,-07:00,2025-04-11T18:44:22-07:00,4,27
curriculumVitae.html,27,html,2235a759,Martin Hawks,2025-04-11,18:44:22,-07:00,2025-04-11T18:44:22-07:00,6,62
curriculumVitae.html,28,html,2235a759,Martin Hawks,2025-04-11,18:44:22,-07:00,2025-04-11T18:44:22-07:00,6,65
curriculumVitae.html,29,html,2235a759,Martin Hawks,2025-04-11,18:44:22,-07:00,2025-04-11T18:44:22-07:00,4,4
curriculumVitae.html,30,html,af64199c,Martin Hawks,2025-04-03,14:20:47,-07:00,2025-04-03T14:20:47-07:00,4,86
curriculumVitae.html,31,html,af64199c,Martin Hawks,2025-04-03,14:20:47,-07:00,2025-04-03T14:20:47-07:00,4,1
curriculumVitae.html,32,html,af64199c,Martin Hawks,2025-04-03,14:20:47,-07:00,2025-04-03T14:20:47-07:00,6,125
curriculumVitae.html,33,html,af64199c,Martin Hawks,2025-04-03,14:20:47,-07:00,2025-04-03T14:20:47-07:00,4,2
curriculumVitae.html,34,html,2235a759,Martin Hawks,2025-04-11,18:44:22,-07:00,2025-04-11T18:44:22-07:00,4,27
curriculumVitae.html,35,html,269c556c,Martin Hawks,2025-04-11,15:41:56,-07:00,2025-04-11T15:41:56-07:00,4,56
curriculumVitae.html,36,html,2235a759,Martin Hawks,2025-04-11,18:44:22,-07:00,2025-04-11T18:44:22-07:00,4,4
curriculumVitae.html,37,html,af64199c,Martin Hawks,2025-04-03,14:20:47,-07:00,2025-04-03T14:20:47-07:00,4,2
curriculumVitae.html,38,html,af64199c,Martin Hawks,2025-04-03,14:20:47,-07:00,2025-04-03T14:20:47-07:00,6,56
curriculumVitae.html,39,html,af64199c,Martin Hawks,2025-04-03,14:20:47,-07:00,2025-04-03T14:20:47-07:00,6,112
curriculumVitae.html,40,html,00000000,Not Committed Yet,2025-05-07,15:17:26,-07:00,2025-05-07T15:17:26-07:00,6,106
curriculumVitae.html,41,html,af64199c,Martin Hawks,2025-04-03,14:20:47,-07:00,2025-04-03T14:20:47-07:00,4,3
curriculumVitae.html,42,html,af64199c,Martin Hawks,2025-04-03,14:20:47,-07:00,2025-04-03T14:20:47-07:00,2,8
curriculumVitae.html,43,html,af64199c,Martin Hawks,2025-04-03,14:20:47,-07:00,2025-04-03T14:20:47-07:00,2,27
curriculumVitae.html,44,html,af64199c,Martin Hawks,2025-04-03,14:20:47,-07:00,2025-04-03T14:20:47-07:00,2,7
curriculumVitae.html,45,html,269c556c,Martin Hawks,2025-04-11,15:41:56,-07:00,2025-04-11T15:41:56-07:00,4,13
curriculumVitae.html,46,html,2235a759,Martin Hawks,2025-04-11,18:44:22,-07:00,2025-04-11T18:44:22-07:00,4,27
curriculumVitae.html,47,html,2235a759,Martin Hawks,2025-04-11,18:44:22,-07:00,2025-04-11T18:44:22-07:00,6,28
curriculumVitae.html,48,html,2235a759,Martin Hawks,2025-04-11,18:44:22,-07:00,2025-04-11T18:44:22-07:00,4,4
curriculumVitae.html,49,html,af64199c,Martin Hawks,2025-04-03,14:20:47,-07:00,2025-04-03T14:20:47-07:00,4,2
curriculumVitae.html,50,html,af64199c,Martin Hawks,2025-04-03,14:20:47,-07:00,2025-04-03T14:20:47-07:00,6,13
curriculumVitae.html,51,html,af64199c,Martin Hawks,2025-04-03,14:20:47,-07:00,2025-04-03T14:20:47-07:00,6,11
curriculumVitae.html,52,html,af64199c,Martin Hawks,2025-04-03,14:20:47,-07:00,2025-04-03T14:20:47-07:00,6,10
curriculumVitae.html,53,html,af64199c,Martin Hawks,2025-04-03,14:20:47,-07:00,2025-04-03T14:20:47-07:00,6,27
curriculumVitae.html,54,html,00000000,Not Committed Yet,2025-05-07,15:17:26,-07:00,2025-05-07T15:17:26-07:00,6,17
curriculumVitae.html,55,html,af64199c,Martin Hawks,2025-04-03,14:20:47,-07:00,2025-04-03T14:20:47-07:00,4,3
curriculumVitae.html,56,html,2235a759,Martin Hawks,2025-04-11,18:44:22,-07:00,2025-04-11T18:44:22-07:00,4,27
curriculumVitae.html,57,html,2235a759,Martin Hawks,2025-04-11,18:44:22,-07:00,2025-04-11T18:44:22-07:00,6,34
curriculumVitae.html,58,html,2235a759,Martin Hawks,2025-04-11,18:44:22,-07:00,2025-04-11T18:44:22-07:00,4,4
curriculumVitae.html,59,html,2235a759,Martin Hawks,2025-04-11,18:44:22,-07:00,2025-04-11T18:44:22-07:00,6,31
curriculumVitae.html,60,html,af64199c,Martin Hawks,2025-04-03,14:20:47,-07:00,2025-04-03T14:20:47-07:00,4,2
curriculumVitae.html,61,html,af64199c,Martin Hawks,2025-04-03,14:20:47,-07:00,2025-04-03T14:20:47-07:00,6,12
curriculumVitae.html,62,html,af64199c,Martin Hawks,2025-04-03,14:20:47,-07:00,2025-04-03T14:20:47-07:00,6,13
curriculumVitae.html,63,html,af64199c,Martin Hawks,2025-04-03,14:20:47,-07:00,2025-04-03T14:20:47-07:00,6,14
curriculumVitae.html,64,html,af64199c,Martin Hawks,2025-04-03,14:20:47,-07:00,2025-04-03T14:20:47-07:00,6,24
curriculumVitae.html,65,html,af64199c,Martin Hawks,2025-04-03,14:20:47,-07:00,2025-04-03T14:20:47-07:00,6,13
curriculumVitae.html,66,html,af64199c,Martin Hawks,2025-04-03,14:20:47,-07:00,2025-04-03T14:20:47-07:00,6,12
curriculumVitae.html,67,html,af64199c,Martin Hawks,2025-04-03,14:20:47,-07:00,2025-04-03T14:20:47-07:00,4,3
curriculumVitae.html,68,html,2235a759,Martin Hawks,2025-04-11,18:44:22,-07:00,2025-04-11T18:44:22-07:00,4,27
curriculumVitae.html,69,html,2235a759,Martin Hawks,2025-04-11,18:44:22,-07:00,2025-04-11T18:44:22-07:00,6,11
curriculumVitae.html,70,html,2235a759,Martin Hawks,2025-04-11,18:44:22,-07:00,2025-04-11T18:44:22-07:00,4,4
curriculumVitae.html,71,html,af64199c,Martin Hawks,2025-04-03,14:20:47,-07:00,2025-04-03T14:20:47-07:00,4,2
curriculumVitae.html,72,html,af64199c,Martin Hawks,2025-04-03,14:20:47,-07:00,2025-04-03T14:20:47-07:00,6,10
curriculumVitae.html,73,html,af64199c,Martin Hawks,2025-04-03,14:20:47,-07:00,2025-04-03T14:20:47-07:00,6,13
curriculumVitae.html,74,html,af64199c,Martin Hawks,2025-04-03,14:20:47,-07:00,2025-04-03T14:20:47-07:00,4,3
curriculumVitae.html,75,html,af64199c,Martin Hawks,2025-04-03,14:20:47,-07:00,2025-04-03T14:20:47-07:00,2,8
curriculumVitae.html,76,html,af64199c,Martin Hawks,2025-04-03,14:20:47,-07:00,2025-04-03T14:20:47-07:00,2,24
curriculumVitae.html,77,html,af64199c,Martin Hawks,2025-04-03,14:20:47,-07:00,2025-04-03T14:20:47-07:00,2,7
curriculumVitae.html,78,html,269c556c,Martin Hawks,2025-04-11,15:41:56,-07:00,2025-04-11T15:41:56-07:00,4,24
curriculumVitae.html,79,html,2235a759,Martin Hawks,2025-04-11,18:44:22,-07:00,2025-04-11T18:44:22-07:00,4,27
curriculumVitae.html,80,html,2235a759,Martin Hawks,2025-04-11,18:44:22,-07:00,2025-04-11T18:44:22-07:00,6,95
curriculumVitae.html,81,html,2235a759,Martin Hawks,2025-04-11,18:44:22,-07:00,2025-04-11T18:44:22-07:00,4,4
curriculumVitae.html,82,html,af64199c,Martin Hawks,2025-04-03,14:20:47,-07:00,2025-04-03T14:20:47-07:00,4,1
curriculumVitae.html,83,html,af64199c,Martin Hawks,2025-04-03,14:20:47,-07:00,2025-04-03T14:20:47-07:00,6,334
curriculumVitae.html,84,html,af64199c,Martin Hawks,2025-04-03,14:20:47,-07:00,2025-04-03T14:20:47-07:00,4,2
curriculumVitae.html,85,html,2235a759,Martin Hawks,2025-04-11,18:44:22,-07:00,2025-04-11T18:44:22-07:00,4,27
curriculumVitae.html,86,html,2235a759,Martin Hawks,2025-04-11,18:44:22,-07:00,2025-04-11T18:44:22-07:00,6,53
curriculumVitae.html,87,html,2235a759,Martin Hawks,2025-04-11,18:44:22,-07:00,2025-04-11T18:44:22-07:00,4,4
curriculumVitae.html,88,html,af64199c,Martin Hawks,2025-04-03,14:20:47,-07:00,2025-04-03T14:20:47-07:00,4,1
curriculumVitae.html,89,html,af64199c,Martin Hawks,2025-04-03,14:20:47,-07:00,2025-04-03T14:20:47-07:00,6,86
curriculumVitae.html,90,html,af64199c,Martin Hawks,2025-04-03,14:20:47,-07:00,2025-04-03T14:20:47-07:00,4,2
curriculumVitae.html,91,html,af64199c,Martin Hawks,2025-04-03,14:20:47,-07:00,2025-04-03T14:20:47-07:00,2,8
curriculumVitae.html,92,html,269c556c,Martin Hawks,2025-04-11,15:41:56,-07:00,2025-04-11T15:41:56-07:00,2,4
curriculumVitae.html,93,html,af64199c,Martin Hawks,2025-04-03,14:20:47,-07:00,2025-04-03T14:20:47-07:00,2,5
curriculumVitae.html,94,html,af64199c,Martin Hawks,2025-04-03,14:20:47,-07:00,2025-04-03T14:20:47-07:00,0,5
projects/projects.js,1,js,022790a0,Martin Hawks,2025-04-25,21:28:05,-07:00,2025-04-25T21:28:05-07:00,0,55
projects/projects.js,2,js,463a7ec9,Martin Hawks,2025-05-01,13:39:24,-07:00,2025-05-01T13:39:24-07:00,0,63
projects/projects.js,3,js,463a7ec9,Martin Hawks,2025-05-01,13:39:24,-07:00,2025-05-01T13:39:24-07:00,0,0
projects/projects.js,4,js,bd365509,Martin Hawks,2025-05-01,21:38:41,-07:00,2025-05-01T21:38:41-07:00,0,0
projects/projects.js,5,js,463a7ec9,Martin Hawks,2025-05-01,13:39:24,-07:00,2025-05-01T13:39:24-07:00,0,53
projects/projects.js,6,js,bd365509,Martin Hawks,2025-05-01,21:38:41,-07:00,2025-05-01T21:38:41-07:00,0,58
projects/projects.js,7,js,022790a0,Martin Hawks,2025-04-25,21:28:05,-07:00,2025-04-25T21:28:05-07:00,0,55
projects/projects.js,8,js,022790a0,Martin Hawks,2025-04-25,21:28:05,-07:00,2025-04-25T21:28:05-07:00,0,0
projects/projects.js,9,js,bd365509,Martin Hawks,2025-05-01,21:38:41,-07:00,2025-05-01T21:38:41-07:00,0,21
projects/projects.js,10,js,463a7ec9,Martin Hawks,2025-05-01,13:39:24,-07:00,2025-05-01T13:39:24-07:00,0,25
projects/projects.js,11,js,463a7ec9,Martin Hawks,2025-05-01,13:39:24,-07:00,2025-05-01T13:39:24-07:00,0,0
projects/projects.js,12,js,463a7ec9,Martin Hawks,2025-05-01,13:39:24,-07:00,2025-05-01T13:39:24-07:00,1,61
projects/projects.js,13,js,463a7ec9,Martin Hawks,2025-05-01,13:39:24,-07:00,2025-05-01T13:39:24-07:00,2,3
projects/projects.js,14,js,463a7ec9,Martin Hawks,2025-05-01,13:39:24,-07:00,2025-05-01T13:39:24-07:00,2,14
projects/projects.js,15,js,463a7ec9,Martin Hawks,2025-05-01,13:39:24,-07:00,2025-05-01T13:39:24-07:00,2,12
projects/projects.js,16,js,463a7ec9,Martin Hawks,2025-05-01,13:39:24,-07:00,2025-05-01T13:39:24-07:00,1,0
projects/projects.js,17,js,463a7ec9,Martin Hawks,2025-05-01,13:39:24,-07:00,2025-05-01T13:39:24-07:00,1,48
projects/projects.js,18,js,463a7ec9,Martin Hawks,2025-05-01,13:39:24,-07:00,2025-05-01T13:39:24-07:00,2,60
projects/projects.js,19,js,463a7ec9,Martin Hawks,2025-05-01,13:39:24,-07:00,2025-05-01T13:39:24-07:00,1,1
projects/projects.js,20,js,463a7ec9,Martin Hawks,2025-05-01,13:39:24,-07:00,2025-05-01T13:39:24-07:00,1,13
projects/projects.js,21,js,463a7ec9,Martin Hawks,2025-05-01,13:39:24,-07:00,2025-05-01T13:39:24-07:00,0,0
projects/projects.js,22,js,bd365509,Martin Hawks,2025-05-01,21:38:41,-07:00,2025-05-01T21:38:41-07:00,0,21
projects/projects.js,23,js,463a7ec9,Martin Hawks,2025-05-01,13:39:24,-07:00,2025-05-01T13:39:24-07:00,0,30
projects/projects.js,24,js,bd365509,Martin Hawks,2025-05-01,21:38:41,-07:00,2025-05-01T21:38:41-07:00,0,23
projects/projects.js,25,js,bd365509,Martin Hawks,2025-05-01,21:38:41,-07:00,2025-05-01T21:38:41-07:00,1,12
projects/projects.js,26,js,bd365509,Martin Hawks,2025-05-01,21:38:41,-07:00,2025-05-01T21:38:41-07:00,1,19
projects/projects.js,27,js,bd365509,Martin Hawks,2025-05-01,21:38:41,-07:00,2025-05-01T21:38:41-07:00,2,9
projects/projects.js,28,js,bd365509,Martin Hawks,2025-05-01,21:38:41,-07:00,2025-05-01T21:38:41-07:00,1,0
projects/projects.js,29,js,bd365509,Martin Hawks,2025-05-01,21:38:41,-07:00,2025-05-01T21:38:41-07:00,0,0
projects/projects.js,30,js,bd365509,Martin Hawks,2025-05-01,21:38:41,-07:00,2025-05-01T21:38:41-07:00,0,0
projects/projects.js,31,js,bd365509,Martin Hawks,2025-05-01,21:38:41,-07:00,2025-05-01T21:38:41-07:00,1,18
projects/projects.js,32,js,bd365509,Martin Hawks,2025-05-01,21:38:41,-07:00,2025-05-01T21:38:41-07:00,1,12
projects/projects.js,33,js,bd365509,Martin Hawks,2025-05-01,21:38:41,-07:00,2025-05-01T21:38:41-07:00,1,50
projects/projects.js,34,js,bd365509,Martin Hawks,2025-05-01,21:38:41,-07:00,2025-05-01T21:38:41-07:00,1,33
projects/projects.js,35,js,bd365509,Martin Hawks,2025-05-01,21:38:41,-07:00,2025-05-01T21:38:41-07:00,1,45
projects/projects.js,36,js,bd365509,Martin Hawks,2025-05-01,21:38:41,-07:00,2025-05-01T21:38:41-07:00,1,20
projects/projects.js,37,js,bd365509,Martin Hawks,2025-05-01,21:38:41,-07:00,2025-05-01T21:38:41-07:00,1,19
projects/projects.js,38,js,bd365509,Martin Hawks,2025-05-01,21:38:41,-07:00,2025-05-01T21:38:41-07:00,2,47
projects/projects.js,39,js,bd365509,Martin Hawks,2025-05-01,21:38:41,-07:00,2025-05-01T21:38:41-07:00,2,44
projects/projects.js,40,js,bd365509,Martin Hawks,2025-05-01,21:38:41,-07:00,2025-05-01T21:38:41-07:00,2,15
projects/projects.js,41,js,bd365509,Martin Hawks,2025-05-01,21:38:41,-07:00,2025-05-01T21:38:41-07:00,1,0
projects/projects.js,42,js,bd365509,Martin Hawks,2025-05-01,21:38:41,-07:00,2025-05-01T21:38:41-07:00,0,0
projects/projects.js,43,js,bd365509,Martin Hawks,2025-05-01,21:38:41,-07:00,2025-05-01T21:38:41-07:00,1,18
projects/projects.js,44,js,bd365509,Martin Hawks,2025-05-01,21:38:41,-07:00,2025-05-01T21:38:41-07:00,1,47
projects/projects.js,45,js,bd365509,Martin Hawks,2025-05-01,21:38:41,-07:00,2025-05-01T21:38:41-07:00,1,26
projects/projects.js,46,js,bd365509,Martin Hawks,2025-05-01,21:38:41,-07:00,2025-05-01T21:38:41-07:00,2,0
projects/projects.js,47,js,bd365509,Martin Hawks,2025-05-01,21:38:41,-07:00,2025-05-01T21:38:41-07:00,3,12
projects/projects.js,48,js,bd365509,Martin Hawks,2025-05-01,21:38:41,-07:00,2025-05-01T21:38:41-07:00,3,13
projects/projects.js,49,js,bd365509,Martin Hawks,2025-05-01,21:38:41,-07:00,2025-05-01T21:38:41-07:00,3,13
projects/projects.js,50,js,bd365509,Martin Hawks,2025-05-01,21:38:41,-07:00,2025-05-01T21:38:41-07:00,3,25
projects/projects.js,51,js,bd365509,Martin Hawks,2025-05-01,21:38:41,-07:00,2025-05-01T21:38:41-07:00,1,1
projects/projects.js,52,js,463a7ec9,Martin Hawks,2025-05-01,13:39:24,-07:00,2025-05-01T13:39:24-07:00,0,0
projects/projects.js,53,js,bd365509,Martin Hawks,2025-05-01,21:38:41,-07:00,2025-05-01T21:38:41-07:00,1,32
projects/projects.js,54,js,bd365509,Martin Hawks,2025-05-01,21:38:41,-07:00,2025-05-01T21:38:41-07:00,1,18
projects/projects.js,55,js,bd365509,Martin Hawks,2025-05-01,21:38:41,-07:00,2025-05-01T21:38:41-07:00,1,16
projects/projects.js,56,js,bd365509,Martin Hawks,2025-05-01,21:38:41,-07:00,2025-05-01T21:38:41-07:00,1,24
projects/projects.js,57,js,bd365509,Martin Hawks,2025-05-01,21:38:41,-07:00,2025-05-01T21:38:41-07:00,2,4
projects/projects.js,58,js,bd365509,Martin Hawks,2025-05-01,21:38:41,-07:00,2025-05-01T21:38:41-07:00,3,11
projects/projects.js,59,js,bd365509,Martin Hawks,2025-05-01,21:38:41,-07:00,2025-05-01T21:38:41-07:00,3,93
projects/projects.js,60,js,bd365509,Martin Hawks,2025-05-01,21:38:41,-07:00,2025-05-01T21:38:41-07:00,3,27
projects/projects.js,61,js,bd365509,Martin Hawks,2025-05-01,21:38:41,-07:00,2025-05-01T21:38:41-07:00,3,98
projects/projects.js,62,js,bd365509,Martin Hawks,2025-05-01,21:38:41,-07:00,2025-05-01T21:38:41-07:00,1,1
projects/projects.js,63,js,463a7ec9,Martin Hawks,2025-05-01,13:39:24,-07:00,2025-05-01T13:39:24-07:00,0,0
projects/projects.js,64,js,463a7ec9,Martin Hawks,2025-05-01,13:39:24,-07:00,2025-05-01T13:39:24-07:00,0,0
projects/projects.js,65,js,bd365509,Martin Hawks,2025-05-01,21:38:41,-07:00,2025-05-01T21:38:41-07:00,1,25
projects/projects.js,66,js,bd365509,Martin Hawks,2025-05-01,21:38:41,-07:00,2025-05-01T21:38:41-07:00,1,29
projects/projects.js,67,js,bd365509,Martin Hawks,2025-05-01,21:38:41,-07:00,2025-05-01T21:38:41-07:00,1,24
projects/projects.js,68,js,bd365509,Martin Hawks,2025-05-01,21:38:41,-07:00,2025-05-01T21:38:41-07:00,2,1
projects/projects.js,69,js,bd365509,Martin Hawks,2025-05-01,21:38:41,-07:00,2025-05-01T21:38:41-07:00,3,13
projects/projects.js,70,js,bd365509,Martin Hawks,2025-05-01,21:38:41,-07:00,2025-05-01T21:38:41-07:00,3,13
projects/projects.js,71,js,bd365509,Martin Hawks,2025-05-01,21:38:41,-07:00,2025-05-01T21:38:41-07:00,3,22
projects/projects.js,72,js,bd365509,Martin Hawks,2025-05-01,21:38:41,-07:00,2025-05-01T21:38:41-07:00,3,18
projects/projects.js,73,js,fe144496,Martin Hawks,2025-05-02,14:18:31,-07:00,2025-05-02T14:18:31-07:00,4,43
projects/projects.js,74,js,fe144496,Martin Hawks,2025-05-02,14:18:31,-07:00,2025-05-02T14:18:31-07:00,0,0
projects/projects.js,75,js,fe144496,Martin Hawks,2025-05-02,14:18:31,-07:00,2025-05-02T14:18:31-07:00,4,1
projects/projects.js,76,js,fe144496,Martin Hawks,2025-05-02,14:18:31,-07:00,2025-05-02T14:18:31-07:00,5,16
projects/projects.js,77,js,fe144496,Martin Hawks,2025-05-02,14:18:31,-07:00,2025-05-02T14:18:31-07:00,5,26
projects/projects.js,78,js,fe144496,Martin Hawks,2025-05-02,14:18:31,-07:00,2025-05-02T14:18:31-07:00,6,39
projects/projects.js,79,js,fe144496,Martin Hawks,2025-05-02,14:18:31,-07:00,2025-05-02T14:18:31-07:00,5,1
projects/projects.js,80,js,fe144496,Martin Hawks,2025-05-02,14:18:31,-07:00,2025-05-02T14:18:31-07:00,0,0
projects/projects.js,81,js,fe144496,Martin Hawks,2025-05-02,14:18:31,-07:00,2025-05-02T14:18:31-07:00,4,4
projects/projects.js,82,js,fe144496,Martin Hawks,2025-05-02,14:18:31,-07:00,2025-05-02T14:18:31-07:00,5,14
projects/projects.js,83,js,fe144496,Martin Hawks,2025-05-02,14:18:31,-07:00,2025-05-02T14:18:31-07:00,5,26
projects/projects.js,84,js,fe144496,Martin Hawks,2025-05-02,14:18:31,-07:00,2025-05-02T14:18:31-07:00,6,60
projects/projects.js,85,js,fe144496,Martin Hawks,2025-05-02,14:18:31,-07:00,2025-05-02T14:18:31-07:00,5,1
projects/projects.js,86,js,fe144496,Martin Hawks,2025-05-02,14:18:31,-07:00,2025-05-02T14:18:31-07:00,0,0
projects/projects.js,87,js,fe144496,Martin Hawks,2025-05-02,14:18:31,-07:00,2025-05-02T14:18:31-07:00,4,25
projects/projects.js,88,js,fe144496,Martin Hawks,2025-05-02,14:18:31,-07:00,2025-05-02T14:18:31-07:00,5,17
projects/projects.js,89,js,fe144496,Martin Hawks,2025-05-02,14:18:31,-07:00,2025-05-02T14:18:31-07:00,4,6
projects/projects.js,90,js,fe144496,Martin Hawks,2025-05-02,14:18:31,-07:00,2025-05-02T14:18:31-07:00,5,32
projects/projects.js,91,js,fe144496,Martin Hawks,2025-05-02,14:18:31,-07:00,2025-05-02T14:18:31-07:00,6,33
projects/projects.js,92,js,fe144496,Martin Hawks,2025-05-02,14:18:31,-07:00,2025-05-02T14:18:31-07:00,7,15
projects/projects.js,93,js,fe144496,Martin Hawks,2025-05-02,14:18:31,-07:00,2025-05-02T14:18:31-07:00,8,43
projects/projects.js,94,js,fe144496,Martin Hawks,2025-05-02,14:18:31,-07:00,2025-05-02T14:18:31-07:00,5,0
projects/projects.js,95,js,fe144496,Martin Hawks,2025-05-02,14:18:31,-07:00,2025-05-02T14:18:31-07:00,4,19
projects/projects.js,96,js,fe144496,Martin Hawks,2025-05-02,14:18:31,-07:00,2025-05-02T14:18:31-07:00,4,0
projects/projects.js,97,js,fe144496,Martin Hawks,2025-05-02,14:18:31,-07:00,2025-05-02T14:18:31-07:00,4,47
projects/projects.js,98,js,bd365509,Martin Hawks,2025-05-01,21:38:41,-07:00,2025-05-01T21:38:41-07:00,2,1
projects/projects.js,99,js,bd365509,Martin Hawks,2025-05-01,21:38:41,-07:00,2025-05-01T21:38:41-07:00,1,1
projects/projects.js,100,js,463a7ec9,Martin Hawks,2025-05-01,13:39:24,-07:00,2025-05-01T13:39:24-07:00,0,0
projects/projects.js,101,js,463a7ec9,Martin Hawks,2025-05-01,13:39:24,-07:00,2025-05-01T13:39:24-07:00,0,0
projects/projects.js,102,js,bd365509,Martin Hawks,2025-05-01,21:38:41,-07:00,2025-05-01T21:38:41-07:00,0,59
projects/projects.js,103,js,463a7ec9,Martin Hawks,2025-05-01,13:39:24,-07:00,2025-05-01T13:39:24-07:00,0,0
projects/projects.js,104,js,bd365509,Martin Hawks,2025-05-01,21:38:41,-07:00,2025-05-01T21:38:41-07:00,0,13
projects/projects.js,105,js,463a7ec9,Martin Hawks,2025-05-01,13:39:24,-07:00,2025-05-01T13:39:24-07:00,0,0
projects/projects.js,106,js,463a7ec9,Martin Hawks,2025-05-01,13:39:24,-07:00,2025-05-01T13:39:24-07:00,0,17
projects/projects.js,107,js,463a7ec9,Martin Hawks,2025-05-01,13:39:24,-07:00,2025-05-01T13:39:24-07:00,0,13
projects/projects.js,108,js,463a7ec9,Martin Hawks,2025-05-01,13:39:24,-07:00,2025-05-01T13:39:24-07:00,0,0
projects/projects.js,109,js,463a7ec9,Martin Hawks,2025-05-01,13:39:24,-07:00,2025-05-01T13:39:24-07:00,0,53
projects/projects.js,110,js,463a7ec9,Martin Hawks,2025-05-01,13:39:24,-07:00,2025-05-01T13:39:24-07:00,0,0
projects/projects.js,111,js,463a7ec9,Martin Hawks,2025-05-01,13:39:24,-07:00,2025-05-01T13:39:24-07:00,0,48
projects/projects.js,112,js,463a7ec9,Martin Hawks,2025-05-01,13:39:24,-07:00,2025-05-01T13:39:24-07:00,1,19
projects/projects.js,113,js,463a7ec9,Martin Hawks,2025-05-01,13:39:24,-07:00,2025-05-01T13:39:24-07:00,1,39
projects/projects.js,114,js,fe144496,Martin Hawks,2025-05-02,14:18:31,-07:00,2025-05-02T14:18:31-07:00,1,38
projects/projects.js,115,js,463a7ec9,Martin Hawks,2025-05-01,13:39:24,-07:00,2025-05-01T13:39:24-07:00,2,59
projects/projects.js,116,js,463a7ec9,Martin Hawks,2025-05-01,13:39:24,-07:00,2025-05-01T13:39:24-07:00,2,42
projects/projects.js,117,js,463a7ec9,Martin Hawks,2025-05-01,13:39:24,-07:00,2025-05-01T13:39:24-07:00,1,1
projects/projects.js,118,js,bd365509,Martin Hawks,2025-05-01,21:38:41,-07:00,2025-05-01T21:38:41-07:00,1,41
projects/projects.js,119,js,bd365509,Martin Hawks,2025-05-01,21:38:41,-07:00,2025-05-01T21:38:41-07:00,1,33
projects/projects.js,120,js,bd365509,Martin Hawks,2025-05-01,21:38:41,-07:00,2025-05-01T21:38:41-07:00,1,17
projects/projects.js,121,js,463a7ec9,Martin Hawks,2025-05-01,13:39:24,-07:00,2025-05-01T13:39:24-07:00,0,1
projects/projects.js,122,js,463a7ec9,Martin Hawks,2025-05-01,13:39:24,-07:00,2025-05-01T13:39:24-07:00,0,0
projects/projects.js,123,js,bd365509,Martin Hawks,2025-05-01,21:38:41,-07:00,2025-05-01T21:38:41-07:00,0,47
projects/index.html,1,html,bd365509,Martin Hawks,2025-05-01,21:38:41,-07:00,2025-05-01T21:38:41-07:00,0,13
projects/index.html,2,html,c4af276a,Martin Hawks,2025-04-02,19:41:41,-07:00,2025-04-02T19:41:41-07:00,0,14
projects/index.html,3,html,c4af276a,Martin Hawks,2025-04-02,19:41:41,-07:00,2025-04-02T19:41:41-07:00,2,4
projects/index.html,4,html,c4af276a,Martin Hawks,2025-04-02,19:41:41,-07:00,2025-04-02T19:41:41-07:00,4,21
projects/index.html,5,html,c4af276a,Martin Hawks,2025-04-02,19:41:41,-07:00,2025-04-02T19:41:41-07:00,4,21
projects/index.html,6,html,ba0436ab,Martin Hawks,2025-04-03,15:11:36,-07:00,2025-04-03T15:11:36-07:00,4,42
projects/index.html,7,html,89f7f561,Martin Hawks,2025-04-19,20:44:30,-07:00,2025-04-19T20:44:30-07:00,4,48
projects/index.html,8,html,022790a0,Martin Hawks,2025-04-25,21:28:05,-07:00,2025-04-25T21:28:05-07:00,4,47
projects/index.html,9,html,c4af276a,Martin Hawks,2025-04-02,19:41:41,-07:00,2025-04-02T19:41:41-07:00,2,5
projects/index.html,10,html,c4af276a,Martin Hawks,2025-04-02,19:41:41,-07:00,2025-04-02T19:41:41-07:00,2,4
projects/index.html,11,html,022790a0,Martin Hawks,2025-04-25,21:28:05,-07:00,2025-04-25T21:28:05-07:00,4,45
projects/index.html,12,html,463a7ec9,Martin Hawks,2025-05-01,13:39:24,-07:00,2025-05-01T13:39:24-07:00,0,0
projects/index.html,13,html,463a7ec9,Martin Hawks,2025-05-01,13:39:24,-07:00,2025-05-01T13:39:24-07:00,4,21
projects/index.html,14,html,463a7ec9,Martin Hawks,2025-05-01,13:39:24,-07:00,2025-05-01T13:39:24-07:00,6,54
projects/index.html,15,html,463a7ec9,Martin Hawks,2025-05-01,13:39:24,-07:00,2025-05-01T13:39:24-07:00,6,22
projects/index.html,16,html,463a7ec9,Martin Hawks,2025-05-01,13:39:24,-07:00,2025-05-01T13:39:24-07:00,4,4
projects/index.html,17,html,463a7ec9,Martin Hawks,2025-05-01,13:39:24,-07:00,2025-05-01T13:39:24-07:00,4,4
projects/index.html,18,html,463a7ec9,Martin Hawks,2025-05-01,13:39:24,-07:00,2025-05-01T13:39:24-07:00,4,15
projects/index.html,19,html,463a7ec9,Martin Hawks,2025-05-01,13:39:24,-07:00,2025-05-01T13:39:24-07:00,4,11
projects/index.html,20,html,463a7ec9,Martin Hawks,2025-05-01,13:39:24,-07:00,2025-05-01T13:39:24-07:00,4,26
projects/index.html,21,html,463a7ec9,Martin Hawks,2025-05-01,13:39:24,-07:00,2025-05-01T13:39:24-07:00,4,31
projects/index.html,22,html,463a7ec9,Martin Hawks,2025-05-01,13:39:24,-07:00,2025-05-01T13:39:24-07:00,4,0
projects/index.html,23,html,4eebd1fa,Martin Hawks,2025-04-09,20:34:05,-07:00,2025-04-09T20:34:05-07:00,4,19
projects/index.html,24,html,4eebd1fa,Martin Hawks,2025-04-09,20:34:05,-07:00,2025-04-09T20:34:05-07:00,4,4
projects/index.html,25,html,463a7ec9,Martin Hawks,2025-05-01,13:39:24,-07:00,2025-05-01T13:39:24-07:00,0,0
projects/index.html,26,html,ba0436ab,Martin Hawks,2025-04-03,15:11:36,-07:00,2025-04-03T15:11:36-07:00,0,5
projects/index.html,27,html,c4af276a,Martin Hawks,2025-04-02,19:41:41,-07:00,2025-04-02T19:41:41-07:00,0,5
contact/index.html,1,html,c4af276a,Martin Hawks,2025-04-02,19:41:41,-07:00,2025-04-02T19:41:41-07:00,0,13
contact/index.html,2,html,c4af276a,Martin Hawks,2025-04-02,19:41:41,-07:00,2025-04-02T19:41:41-07:00,0,14
contact/index.html,3,html,c4af276a,Martin Hawks,2025-04-02,19:41:41,-07:00,2025-04-02T19:41:41-07:00,2,4
contact/index.html,4,html,89f7f561,Martin Hawks,2025-04-19,20:44:30,-07:00,2025-04-19T20:44:30-07:00,4,48
contact/index.html,5,html,c4af276a,Martin Hawks,2025-04-02,19:41:41,-07:00,2025-04-02T19:41:41-07:00,4,21
contact/index.html,6,html,c4af276a,Martin Hawks,2025-04-02,19:41:41,-07:00,2025-04-02T19:41:41-07:00,4,20
contact/index.html,7,html,ba0436ab,Martin Hawks,2025-04-03,15:11:36,-07:00,2025-04-03T15:11:36-07:00,4,42
contact/index.html,8,html,c4af276a,Martin Hawks,2025-04-02,19:41:41,-07:00,2025-04-02T19:41:41-07:00,2,5
contact/index.html,9,html,c4af276a,Martin Hawks,2025-04-02,19:41:41,-07:00,2025-04-02T19:41:41-07:00,2,4
contact/index.html,10,html,c4af276a,Martin Hawks,2025-04-02,19:41:41,-07:00,2025-04-02T19:41:41-07:00,4,17
contact/index.html,11,html,5d69d21c,Martin Hawks,2025-04-17,13:36:54,-07:00,2025-04-17T13:36:54-07:00,4,53
contact/index.html,12,html,4eebd1fa,Martin Hawks,2025-04-09,20:34:05,-07:00,2025-04-09T20:34:05-07:00,6,78
contact/index.html,13,html,4eebd1fa,Martin Hawks,2025-04-09,20:34:05,-07:00,2025-04-09T20:34:05-07:00,6,86
contact/index.html,14,html,c4af276a,Martin Hawks,2025-04-02,19:41:41,-07:00,2025-04-02T19:41:41-07:00,6,30
contact/index.html,15,html,c4af276a,Martin Hawks,2025-04-02,19:41:41,-07:00,2025-04-02T19:41:41-07:00,4,5
contact/index.html,16,html,c4af276a,Martin Hawks,2025-04-02,19:41:41,-07:00,2025-04-02T19:41:41-07:00,2,5
contact/index.html,17,html,c4af276a,Martin Hawks,2025-04-02,19:41:41,-07:00,2025-04-02T19:41:41-07:00,0,5
